7.739649296,7.156136513,9.983157158,6.437400818,4.272896767,5.376324177,1.990239382,5.33798027,6.943537235,1.539863825,1.662391663,1.734324694,2.078011036,5.032676697,11.06010914,6.96425724,4.620707512,6.881991386,8.286684036,8.189443588,2.608053207,11.4736433,7.983569145,3.975059032,1.981199145,2.52139163,1.524053335,5.495457172,1.399645805,6.934980392,7.583452702
5.604424,6.911282539,9.487654686,7.866672516,5.003654957,5.845890045,2.156964779,5.422176361,7.106007576,3.861023903,1.622798324,1.422574043,3.64478302,7.235687733,5.743875027,7.144042015,5.470386028,9.073336601,10.46179104,4.688350677,5.974340916,11.3370409,8.20288372,5.615551472,1.635761023,1.894304633,1.432972312,5.079894066,7.934082508,8.399106979,6.679909706
11.63026428,8.371305466,9.92790699,8.283588409,6.706037521,5.983422756,2.358292103,6.664204597,8.016352654,2.071128368,1.660217285,9.389865875,4.459461212,3.092113495,10.1984148,4.61400795,3.509325504,3.282242775,6.554749012,7.548474312,7.998045921,11.90723419,8.542352676,6.432878971,1.669133782,1.995424271,8.665167809,6.014683723,2.164597273,5.941730022,4.286572456
6.443127632,5.541175842,9.498949051,6.5855093,6.64954567,4.071895123,2.032596588,6.328072548,7.5846138,2.309979439,1.584925175,1.91589725,5.741901875,4.068417549,9.39251709,6.530066013,9.056998253,6.170749664,8.232084274,5.79259634,2.377252102,10.37230206,6.902493477,2.983863831,1.486257195,1.385284901,1.546122193,5.404259682,2.512170792,5.370396614,6.700884342
9.918804169,8.487646103,9.343482971,8.968661308,3.540730953,5.967469215,10.06634617,4.008431435,6.388009071,2.11671257,1.803936005,1.37223506,1.580371618,5.992352486,5.196156025,6.772313118,5.415476322,5.698161125,7.055373669,2.166299343,10.6309967,13.63646889,11.18395138,5.306131363,10.01994038,3.274789333,1.362277508,4.277042389,1.846846461,6.591954231,1.829749584
3.906961918,7.029697418,7.997190475,7.879481316,2.817265272,3.914221287,1.986436605,4.160033226,5.030390739,3.974176407,1.53909421,1.387256265,4.510929585,7.254687786,10.94858932,8.071110725,3.566761732,9.220983505,10.67377472,8.827728271,6.874003887,12.12579918,8.422925949,5.542025566,1.588394046,4.200537682,1.461272836,5.296476364,3.014351368,5.808037758,2.677185774
7.44999361,3.038768768,8.375766754,7.077152729,5.660498142,4.536538124,2.15994978,6.411004543,6.764655113,3.197957516,1.515581489,9.065188408,7.015741348,5.214468956,5.233939171,7.499680519,1.517840147,8.516078949,10.10478687,1.554168224,1.764270782,10.48221397,5.333865643,4.945950985,1.759790301,2.3282969,7.850598812,7.922463417,1.469964743,5.346351624,2.040482521
6.61681366,5.908520222,8.035429001,7.296666622,5.068404198,4.693881512,2.497342825,6.638925076,6.369827271,5.928357124,1.544809341,1.943951249,5.757656097,7.916419506,6.817403793,8.04496479,2.737265825,7.952599525,9.212852478,6.425969124,7.089374065,11.41362,8.392735481,5.47699213,1.34099412,3.291819096,1.452955961,6.359640121,2.428022623,9.843483925,4.683249474
7.030382156,8.103005409,9.444834709,7.188351631,5.238332748,4.954106808,2.710861206,6.176949024,5.974277496,2.477868557,1.312965631,1.590072751,6.541831017,4.911176682,6.305048943,6.980483055,2.824756861,4.66399765,6.779826164,4.427328587,7.289133549,11.47754478,8.111865997,8.321702003,1.68891573,1.617540717,1.257273436,6.159127235,1.739613175,4.233801365,3.888957977
5.780750751,6.103790283,8.167007446,7.669251919,3.906741142,2.92145896,2.263638973,4.420557499,5.309623241,5.364276886,1.272066951,4.054350376,2.53096509,7.034539223,7.002871513,6.354561329,2.185795307,8.269471169,9.952949524,4.899272442,4.067323685,11.14928246,7.403862476,2.833797693,1.569858193,3.087271452,2.258675098,5.650069714,2.643429279,5.518224716,1.446467876
11.12083054,8.019896507,10.03732491,8.309381485,6.232898712,3.780726433,2.291171551,7.235142231,7.651894569,1.679462671,1.566745996,10.44829369,6.916096687,3.422072887,12.09378433,7.498373508,1.697378635,6.097225189,7.415402412,9.265761375,11.2930212,11.37653828,6.470513344,6.153059483,1.490145206,1.603738308,9.422390938,7.039205551,7.644601345,5.842302322,8.088441849
5.693175793,4.220471859,8.951133728,7.594635963,6.066577911,4.870791435,1.604164124,6.115760803,8.095267296,6.23930645,1.544446707,1.954482913,6.462604046,4.812866688,5.494683266,5.412950516,7.708609581,5.396795273,8.3572855,2.705592155,7.030991554,11.30497456,7.423837662,1.940869331,1.296241522,2.330878973,1.666946769,5.71622324,8.156627655,6.080949783,8.890626907
4.023444176,7.349144936,7.470340729,8.707550049,1.929782867,4.534581184,1.578717232,2.285880089,2.106395721,4.622219086,1.730107069,1.329518676,6.248882771,5.893280506,10.42276859,9.589883804,8.180116653,7.220252514,9.84803009,7.659653187,9.507204056,12.58853817,9.876634598,3.878044605,1.192799091,2.154857635,1.313401699,6.858203888,1.978020072,4.986141682,10.4629612
7.49076128,5.875963211,10.94581985,7.772494316,8.028820038,5.266539574,1.768238783,8.333221436,9.604914665,2.362720728,1.552696228,1.370566487,3.000615597,4.564933777,9.715406418,7.845398426,2.024767876,6.908037186,8.523403168,9.773164749,6.392150879,10.72112942,7.172967911,4.469193459,1.703288198,3.532186508,1.364490032,7.321124554,4.679472923,6.567813396,7.313490868
8.103281975,6.804653645,11.80650139,7.591740131,4.182859421,2.62853384,1.460601091,6.687132359,7.152917385,1.480762362,1.700695515,1.175366044,4.051864147,4.702337265,7.46592617,4.927411556,1.870614052,7.061787128,8.185771942,5.122980118,12.67222786,10.35388184,6.910996914,4.422223568,1.488141775,2.002980947,1.695410013,5.495604515,2.116444111,4.881423473,1.753943443
9.739299774,8.128987312,10.23161983,9.705781937,6.003817081,5.085214615,8.632867813,6.944203377,7.643778324,1.905972838,1.28268373,1.486257315,2.848735809,6.908027172,5.068533897,5.406949043,2.048685312,6.502368927,7.518604755,2.701841593,10.33143425,12.80980492,9.300270081,3.310426235,8.490608215,4.479764462,1.457275271,4.787917137,1.486257195,4.251645088,1.632040977
6.568281174,6.224165916,7.460400105,6.304957867,3.510909557,3.711356163,2.743529558,5.41720295,5.283518791,2.722160816,1.664288878,7.819045067,3.875264168,8.547837257,9.982441902,7.603435516,2.823905468,8.970026016,9.921325684,7.350476742,10.25356293,10.4894743,6.665402412,6.056391716,1.437806368,5.911097527,7.185594082,5.79231739,6.089138985,9.109529495,4.998480797
7.10410881,7.06799221,9.009578705,6.830190182,5.938779831,6.579202652,1.580343008,6.580113411,7.291383743,3.87997961,1.225185871,1.812108517,2.584575176,6.295145512,7.832000732,7.99216938,6.29693985,8.048556328,9.735726357,6.296712399,5.702973366,11.22658539,7.985566139,6.630538464,1.457275271,2.009222746,1.433686972,6.110761642,1.875556827,6.253171921,4.180809021
5.204821587,5.839257717,7.427841187,7.10495615,3.002168655,2.21434164,2.729111195,2.916968346,4.339551926,2.73401022,1.583778739,1.79689765,5.828046799,8.142673492,6.848899841,7.311028481,3.738623381,8.589024544,10.15731621,5.258619308,9.279762268,9.931026459,6.584151268,2.34718585,2.392441273,2.266215324,1.391288042,4.765625954,1.479718208,6.732719421,7.801553249
6.484526157,8.24757576,11.1765461,8.46663475,7.73263216,6.823632717,1.766544819,8.094133377,9.027734756,2.225294828,1.765801191,1.469526052,5.693161011,4.102620125,10.11250782,5.82899189,4.394416809,4.389546394,7.606286526,8.570855141,10.77974319,11.1187191,8.863271713,9.073698044,1.383985996,2.505496979,1.517662048,3.984797716,1.541265607,3.435246944,2.862509966
8.142576218,5.845614433,9.604621887,7.978322029,6.868534088,2.943812847,2.094393253,7.098843098,8.256402016,2.740149736,1.69633162,1.521295905,6.952648163,2.756097794,9.088098526,4.721754551,5.416820049,4.71462059,8.305826187,7.724107742,1.534269333,11.53646374,8.41901207,8.029788017,1.757799625,3.144312859,1.29275465,5.345816135,1.530797124,5.194482803,2.637217283
7.01695013,6.846250057,10.08650208,7.495501995,7.136444092,4.872181892,2.755083084,8.238266945,8.81406498,2.089148521,1.47593236,2.19169426,6.017080784,5.305650711,7.257205009,6.508768559,6.173418999,6.679223061,8.752744675,7.011164665,7.858795166,11.11556911,8.01473999,8.29302597,1.624450207,2.280028105,3.14724493,6.031292439,5.776778221,6.452169895,8.790089607
7.132513046,6.498188019,9.16986084,7.839883804,5.485861778,5.570509434,1.930299044,6.50109911,7.137595654,4.05809164,1.409575701,3.046125412,8.581539154,8.290398598,8.380443573,7.645496368,5.910510063,9.219298363,10.76498604,7.12842083,7.492525101,11.70588303,8.696805,5.338078499,1.138017178,2.919803858,2.079114914,5.625504494,9.392735481,6.719408989,5.931711674
3.045629501,7.084495068,7.986976624,7.891261101,3.589504242,4.077406883,1.711337566,5.109565735,5.941730976,2.388699532,1.497864962,6.679522514,4.153557777,7.61613512,9.71473217,7.02626133,4.058697701,8.826356888,10.39103985,8.274515152,6.53441143,11.48087311,8.917728424,3.262876987,1.576627254,2.718481779,5.085372925,7.807880402,4.362649918,5.894842148,2.404589653
8.207502365,6.446542263,9.555377007,9.202933311,3.953649044,7.049506664,3.470616579,5.527358055,7.559353828,1.77439642,1.644554973,1.707137585,5.081675053,5.963841438,11.96840572,6.615306854,2.491758347,7.597145557,8.082269669,10.15667725,9.24627018,10.49286079,7.563293934,2.204937458,3.983979225,4.493619442,1.623646736,7.652328014,1.733679056,6.510264397,3.257218599
6.850484848,5.859491825,9.272092819,6.627752304,6.433398247,4.916293144,1.776899815,6.229079247,7.30917263,3.414466143,1.707790852,1.365729213,7.710978508,7.313294411,7.066223145,8.47215271,2.847880363,8.105988503,9.818017006,5.811747551,10.43371773,10.60417366,7.070818901,6.369822502,1.419891119,2.403777122,1.250394106,5.232743263,1.784177899,7.473617554,7.292369843
7.720658302,5.707752228,8.609537125,7.311130524,4.016196728,3.78131485,1.839753985,6.22821331,6.612817764,2.196550369,1.479998589,1.376149893,3.338462353,7.738862991,3.889632225,6.524979591,6.304101944,8.113099098,9.526597023,3.780704975,7.144545078,10.62953949,7.304090023,3.763967276,1.360697985,3.020672798,1.29534924,5.502163887,6.307511806,9.348997116,6.848572731
4.854488373,5.205536842,9.241817474,6.361216545,3.638161898,4.717801571,1.877441764,4.904800415,5.842737675,2.248523712,1.429285049,8.660455704,6.979842186,6.237156391,9.140124321,6.884058475,3.830693722,7.088674068,8.538075447,8.782056808,4.853853703,10.42201233,6.235730171,2.516064882,1.341005564,4.422784805,7.733495235,5.090958595,2.072453022,7.41817379,8.489415169
8.662128448,6.179754257,11.99114799,6.60431385,4.536875725,4.501328468,1.981960177,6.156441689,6.346211433,2.078017235,1.546156168,1.66482234,7.09513855,6.91927433,10.43355083,7.15536356,1.84186697,7.798019409,9.057662964,9.220233917,9.505203247,10.31652069,6.442218304,4.893936157,1.536537051,5.479776382,1.153228998,5.058484554,1.989751816,7.20969677,9.068037987
5.328752518,7.086033821,7.898389339,6.339341164,2.73920989,4.584389687,2.012626648,4.952121258,5.221541405,1.853348255,1.523921251,1.786881447,3.41575861,7.545018196,4.961733818,7.0773983,6.402089119,8.547784805,9.740245819,4.985637188,9.621918678,11.60465622,8.894798279,4.85256815,1.646803379,4.364551544,1.342258453,4.712697506,9.14972496,8.193395615,7.612379074
4.384906292,5.542796135,6.984044075,6.978084564,1.58315134,2.955727577,1.806977034,2.171207905,4.032243729,2.727310658,1.588559866,6.589691162,7.319604874,7.607858658,9.086853981,7.584449291,2.238204002,8.572750092,10.04530144,7.045904636,9.733556747,9.5841465,6.536257744,3.097900629,1.988344193,3.079503775,6.224763393,6.475605011,1.730288506,5.109246254,8.889631271
6.971142292,5.410587788,8.374755859,6.677007675,2.788224459,6.640675068,2.883504152,5.532914162,5.644554138,1.982770681,1.783348918,1.584412813,3.606620789,8.743394852,5.253974438,6.800365448,2.846035957,8.847309113,10.14161205,4.16824007,2.156659126,10.74784088,7.18505764,5.128288269,2.325113297,5.701871872,1.322567582,5.781997204,1.603113651,6.277370453,2.899605513
4.22219038,5.208733082,7.929598331,6.397919178,3.391285658,4.209757328,1.918420315,3.991684675,5.554233551,3.550428391,1.516043425,1.31841898,3.630158186,7.107938766,8.873150826,7.124382973,7.084970474,7.454310417,8.659948349,5.290470123,4.997705936,10.87853813,8.128587723,3.189562321,1.957665086,2.890676975,1.545176506,4.321111679,7.209099293,7.84943676,6.119600296
7.132544041,5.466665745,9.209507942,5.919197083,4.832165718,4.676643372,2.15072751,6.329309464,6.563276291,6.32091713,1.932958961,1.525726557,2.958098412,10.21488094,8.230399132,6.91813612,8.367536545,9.996581078,10.9362812,6.868527412,4.602377415,9.975690842,6.194944382,6.167423725,1.450259447,4.863235474,1.328825474,5.487976074,5.62567234,8.696619034,8.422783852
5.133019447,7.320571423,8.890464783,6.839040756,6.253096581,6.233774185,2.005362034,7.336863995,7.417617798,1.78587532,2.129793882,10.2546196,7.280516624,6.643109798,10.52393055,9.489332199,3.585502625,7.845196724,9.770312309,8.623239517,11.44695091,10.98796368,6.885313034,7.070410728,1.728913069,3.185247421,9.394164085,6.020784855,4.744639397,6.321055412,6.219524384
4.061472893,7.379058361,8.028921127,7.859473228,3.446757078,5.30322504,1.749423027,5.333171844,6.231883526,2.042324781,1.376495838,4.200807571,4.386864662,7.131724358,11.19226742,7.729355812,7.117023468,9.063087463,10.4867506,10.08655357,6.164429188,11.93507481,9.250756264,3.925910473,2.344789505,4.045980453,3.114515305,6.199252605,6.742164612,7.148374081,9.089657784
3.404202461,6.087315083,8.786008835,7.094455719,4.108229637,5.261566162,1.78051877,5.64639473,6.431382179,2.735414028,1.371459365,6.439827919,5.040634155,7.736549377,7.808287144,7.080480576,10.13171768,8.272389412,9.68432045,6.068785667,8.922452927,11.24508667,8.248374939,5.311849117,1.185690761,4.141392231,4.820932388,6.139389515,1.373523235,8.680789948,9.367098808
6.853140354,7.305757999,8.58944416,8.414578438,3.904485464,2.512871265,1.947353959,6.995943069,7.678114414,1.787368655,1.806187987,2.284967422,5.998876095,4.599021912,8.081951141,7.325812817,10.04073429,7.095977783,9.121287346,6.618344307,2.297751904,11.27329826,7.756577492,4.222592831,1.267010093,1.786135912,1.26627779,6.640904903,3.503575087,7.508620739,8.917053223
5.09971571,5.292984009,9.109539032,7.741222382,5.996582985,5.354970455,2.08938694,7.093281269,7.413971901,1.748792291,1.450406313,6.122973442,5.574458122,5.502411842,9.853471756,6.237730026,4.185133934,5.698431969,7.158218861,7.607481003,11.53339577,11.28913307,7.360400677,6.646724224,1.911966443,4.101479053,5.263224125,4.434459686,1.733368397,6.270265579,8.509356499
9.373483658,6.961502552,10.78373146,7.625678539,8.556665421,5.235765934,2.231930017,8.79177475,9.456364632,1.934794903,1.334427595,1.341661692,4.401491165,2.358563423,8.235113144,2.776510239,2.241783381,3.2727108,6.001249313,6.798876762,7.18495369,11.61279297,8.872234344,8.472427368,1.779520512,2.009307384,1.468257666,5.222211361,1.781683922,2.16352272,2.799971819
5.733722687,7.057601929,11.3988781,8.767688751,7.468013763,6.442463398,1.709596634,7.776539326,9.206598282,2.311104298,1.5863446,2.046631813,6.298259735,4.430593014,10.26172543,5.414022923,6.004122734,6.253835678,8.1984272,8.26858902,10.42468071,10.67042923,7.90872097,5.060445786,1.698830962,1.538664341,1.565182924,3.878667116,5.503138065,4.534799576,4.086845875
6.745389938,7.414147377,11.3273983,7.842381477,10.14043045,6.018956184,2.251675129,10.17301369,10.6266861,2.906527996,1.415020943,1.74001646,6.002010822,2.216680765,8.079719543,5.371636391,1.776471138,4.400158882,7.102422237,7.870849609,1.742509842,11.66131592,8.998082161,9.664466858,1.759198189,1.757004499,1.541518927,6.565280914,1.464928389,4.522713661,1.429479122
3.006759405,8.368357658,8.57439518,6.983860016,4.708500862,4.431680202,1.821768999,4.488804817,7.401964188,5.446736336,1.498244286,1.488957644,4.541270256,4.295783043,10.15276146,7.915541649,10.13332653,7.470096588,9.468929291,9.007458687,6.85252285,11.32567024,9.222353935,2.511066437,1.325528741,1.647739172,1.321827531,5.387700558,1.975156784,6.928497314,2.767655849
6.503205299,7.535898685,8.63603878,6.723459244,4.240572929,6.626045227,1.615095377,5.988882065,6.391657829,3.711057663,1.482890129,10.57145691,5.552891731,7.587503433,12.30383015,10.26997375,2.221648455,8.824543953,10.58603096,10.67381668,10.53361797,10.8708992,7.048860073,6.332002163,2.441216946,4.07337904,9.714804649,6.168130875,6.325658798,6.463931561,6.650314331
7.750196934,6.892208576,9.730303764,7.868628979,6.671502113,5.901426315,2.256143332,7.654198647,8.08965683,4.2895751,1.450113416,1.153861046,6.236999512,6.621706486,8.164209366,7.078975201,6.201550007,8.15925312,9.616402626,7.796162128,5.639464855,10.81943512,8.057094574,7.864300728,1.684766531,2.396006107,1.589226842,5.607975483,3.37913537,6.475972176,7.43970108
5.556682587,6.177437305,9.590080261,8.23687458,4.631564617,5.385754585,2.386973858,4.887272835,6.427137852,1.623603821,1.522612333,6.67459774,7.174826622,3.396000862,9.707780838,6.172668457,4.626821518,4.083223343,5.202589035,6.310842514,11.75778484,10.76796818,7.230341911,6.682659626,1.428453565,2.701011658,5.894796371,3.99601078,1.530889034,6.761012077,8.96274662
4.473364353,5.854990959,8.107993126,7.173945427,2.588837624,3.748791218,2.199850082,4.529076099,4.217280388,4.920786381,1.225453973,1.838665724,5.328756332,7.868849754,4.15663147,6.884771824,9.880431175,8.384373665,10.30350685,2.970564365,2.976239681,11.14701653,8.467679024,4.735249043,1.750115275,1.410645723,1.918160319,5.244988918,2.068074465,4.056301117,7.651515007
8.396316528,7.561699867,9.621131897,6.497227192,3.575640917,4.44128418,1.623626471,3.100840569,5.618041992,2.525267363,2.080266476,2.727730513,2.230703592,6.852977753,11.13645554,7.275902271,4.072235107,7.946531296,9.834324837,9.139464378,2.667297363,11.26157665,8.022127151,4.006995201,1.958041906,3.663491011,1.735475183,6.134683609,1.83131516,7.660629272,8.625049591
8.578770638,8.996574402,11.81617165,8.527593613,5.077723026,5.743842125,1.873200297,7.124168873,8.06686306,3.026100159,1.377497315,1.50004077,2.091700077,4.217327118,7.855110168,2.230015755,2.45420599,3.785984755,5.382857323,7.247645378,8.376771927,12.60778332,9.838096619,7.779894352,2.468604088,1.710432649,1.204967499,3.314874172,1.530037522,2.230015755,1.384451032
5.205028057,8.289051056,10.12088394,8.847967148,5.159653664,6.665955067,2.899088144,6.186260223,7.507941246,4.157055378,1.331110716,1.563767791,3.338357449,6.850962162,7.069980621,7.187827587,8.829676628,7.491580009,9.327957153,6.393597126,5.705345631,12.68507099,9.731352806,5.15382576,1.604632616,2.737869978,1.383912086,5.307259083,5.863099098,8.060352325,7.059417725
7.747002125,7.105081558,9.045609474,8.147289276,3.744365215,7.105077744,1.952825427,5.180358887,6.473514557,3.837373734,1.317049265,1.381801128,3.670091391,7.348377228,7.025540829,6.1199193,5.214951992,7.500745773,9.357539177,6.924564838,9.921422005,12.08809471,9.117108345,4.733246326,1.837627411,5.654418945,1.391452551,5.030758381,1.865747571,9.203276634,8.056680679
10.23060608,8.118870735,10.14096832,8.147827148,7.55475235,7.170205116,5.383876324,8.234818459,9.046060562,2.336432219,1.183037281,1.669436455,4.042737961,2.050810814,5.180888176,6.573069572,2.710356712,4.552550316,6.103895187,4.584483624,11.02559566,12.18040657,8.861615181,7.257815361,6.015385151,1.904096842,1.406264544,5.628591061,1.677575469,2.987766027,1.962878227
7.497301579,7.741335869,9.834605217,8.05122757,5.035698891,6.564839363,2.526867867,6.160097122,7.040164948,3.431359291,1.19113481,1.367367983,3.431359053,7.885253429,6.456454277,7.312866688,7.006810188,9.144263268,10.65672016,6.208529949,7.461181641,11.19265079,8.462634087,4.882264137,1.300709963,2.248232841,1.554561615,4.632565498,8.266239166,8.678255081,8.250244141
3.417136192,7.694404125,9.244239807,7.774980068,4.576926708,5.71105051,2.380041122,6.012544155,7.12599802,3.15134263,1.642228127,1.398061395,5.063401222,6.761363506,7.722678185,4.318131924,2.300937891,6.918777466,8.47728157,6.242248535,9.742238998,10.23415089,7.725969315,6.305061817,1.36925149,2.353158712,1.267374516,5.480902672,1.596611381,7.719054222,2.278032303
5.949048519,5.958387852,9.377597809,6.962481499,3.568756342,5.402987957,1.76158905,3.986952782,7.119315624,2.377245426,1.175467491,1.31382823,2.608978033,3.271664619,6.864893913,4.983824253,3.393486261,6.982764244,9.889453888,1.538544178,8.282124519,10.89936447,7.364717484,2.512198925,1.53934288,1.673649073,1.496395469,4.086182594,1.592558146,3.824622393,8.003346443
5.891474724,6.516310692,9.225097656,8.557228088,5.564296246,5.896366596,2.307453156,6.833864689,6.986077309,1.687247515,1.47593236,1.387256265,4.592855453,4.649377346,2.66402626,3.172183037,2.673189163,7.70600605,8.639614105,2.772414684,9.183597565,12.05713844,9.007595062,5.522310257,1.355310917,1.861843109,1.37378335,4.52564764,1.599000692,4.654384136,1.526422024
7.052835941,6.296011448,8.316840172,8.162631989,5.580882072,7.373425484,1.844107628,6.334270954,6.835739613,6.630078793,1.423776984,5.849798203,8.850822449,8.876322746,10.4144001,8.527133942,2.088363647,10.59948921,12.14422798,9.560204506,6.577040195,11.96966839,8.772130966,5.729751587,1.631999969,4.298388958,5.781852245,7.441474915,2.430253029,9.379907608,5.40945673
6.75491333,6.03504467,9.232521057,6.439716339,3.346910954,3.093990326,1.850098133,3.716331959,5.311452389,1.926735044,1.403316736,1.680776596,3.660893679,6.982709885,8.047637939,8.098583221,4.616353512,8.451076508,10.73569775,7.06230402,9.228989601,11.43433285,7.836488247,6.820957184,1.351764917,4.103370667,1.427826166,6.79142952,4.43947506,5.555696011,8.362134933
4.428874969,5.945722103,8.923438072,8.038417816,3.014247179,4.078321934,2.191006422,4.585175991,5.539447784,1.695346475,1.341337204,7.109807014,6.080471992,3.631895781,10.11021519,5.614165306,4.35609293,3.093369961,5.413952351,7.097400665,11.76785851,10.65293789,7.326789856,4.017127514,1.932051778,2.089660645,5.950111389,5.378711224,1.522825718,6.443288803,8.859126091
6.167562008,7.765473843,9.903842926,8.032313347,4.469701767,8.057899475,2.316420078,4.959994316,6.427394867,2.514714718,1.456056118,1.446769238,5.03821516,6.194723129,10.37638378,7.525392532,4.321353912,6.739174366,8.749397278,8.642976761,10.42561913,11.95258141,9.209589005,4.587641239,1.702368736,3.344606638,1.442299604,5.742072582,6.317542553,8.45744133,8.360703468
6.097707272,6.660931587,8.52406311,7.57626009,4.975790024,4.382819653,3.31774354,5.562406063,6.539731979,2.054262638,1.381153941,1.692391515,4.946102142,6.199935913,9.770979881,5.740831375,3.793034077,6.949826717,8.900035858,8.086743355,10.03765297,10.96048355,7.454611301,5.152057171,4.785438061,1.844082117,1.718852162,3.924856186,1.262658358,6.077260017,6.371770859
6.674801826,6.304026604,6.719219685,7.966595173,1.989922762,4.165233612,1.599960089,2.1155653,2.979400635,4.184005737,1.34555769,1.446769238,2.41858077,7.910637856,8.201934814,8.823336601,2.557397127,9.826163292,11.49069023,5.719831467,5.617983818,11.59978962,8.325284958,3.437493324,1.371525764,2.5254004,1.404368162,6.508970261,6.456566811,7.845575809,7.714725971
6.209046364,3.196434021,8.778388977,7.141313553,3.378153801,5.47131443,2.200700521,4.379312515,6.248500824,4.447459221,1.508896828,2.17846489,2.408263683,6.631263733,7.366534233,3.749072552,8.919269562,7.831215858,9.192824364,2.397834778,1.821079254,10.45307159,7.752486706,3.814865589,1.244248986,1.880657911,1.459048033,3.955558538,2.300848961,4.983181,8.230894089
8.94394207,7.429594994,9.984355927,8.162218094,7.125859261,6.416136265,2.749421835,7.926056862,8.432199478,2.781244755,1.386711121,2.132748365,3.974918127,5.086979866,8.090462685,7.215621471,5.937658787,6.568781376,8.222960472,6.125150204,12.80137825,12.45274544,9.122585297,8.055149078,1.288781881,1.703361869,2.979317665,6.302310944,1.531911373,4.726872444,3.253265142
5.990123272,7.070855618,11.31029415,7.095023632,6.826991081,4.878367424,6.796235085,8.112976074,8.846595764,3.052819252,1.707888842,2.237229824,1.614151478,5.93944931,7.359334946,6.755706787,2.621424675,6.916826248,8.611449242,5.586907864,9.424217224,11.26080799,7.604366779,5.116058826,6.686120033,2.161358833,1.904045701,5.524101734,2.654062748,6.583686352,6.410073757
11.57850742,8.708888054,11.71031475,9.212905884,7.195868492,6.838531494,2.46208787,7.866708279,8.277937889,2.937083483,1.286985159,1.195922375,2.491363287,3.758691788,4.963600159,6.967033386,1.672001839,5.641079903,6.862663746,2.329264164,10.08872986,11.81238174,8.35084343,6.858094692,1.295901537,1.602231979,1.602278709,5.612728596,1.459722519,4.517735004,1.648826599
10.03391457,7.293776035,10.02357864,7.336616993,6.25551796,4.961505413,5.399764061,7.684868813,7.423571587,4.200572968,1.250965238,3.11826849,3.466362953,6.424098969,10.7831831,7.986051559,3.747069836,7.829141617,9.587076187,8.687417984,11.29549026,11.86073875,8.280351639,8.082744598,4.93527317,1.430670023,2.346321106,7.375926971,1.704542398,4.507752419,2.606035471
9.554393768,7.62018919,10.36866665,8.550833702,8.391176224,8.23721981,1.60705471,8.816280365,9.37547493,3.397245169,1.97655797,1.431563616,3.672857761,3.264767647,2.868756294,6.33741951,5.415476322,4.847247124,7.248007298,2.992408037,10.25779057,13.20808125,10.48084927,7.764986515,1.636275291,2.030732155,1.301716566,6.969714165,1.810735583,3.277965546,1.354012489
5.624872684,3.640077829,11.39988804,6.618459225,3.527848005,2.32862854,1.879483938,4.379292965,2.276108742,2.757012367,1.129273653,1.77973783,1.661631942,5.849130154,11.01709938,1.778526306,2.528291464,8.30906105,10.1617527,7.953386307,3.180224895,10.80428314,5.472894669,2.617021799,1.358654499,1.290170431,1.532226443,4.352929115,4.914946556,2.328638077,6.643568516
10.17159653,8.0728302,10.28497505,8.947175026,6.866427422,6.148147106,11.99632835,7.881346226,8.102880478,4.229607582,1.292448521,1.219564676,4.063669682,5.516861916,5.463941574,6.690695763,4.81867075,5.238903999,7.324470997,5.232252598,9.686108589,13.47140789,10.30123711,7.813035488,12.11845112,2.797786713,1.530689478,5.976552963,1.511433959,5.588544846,1.321103096
8.472169876,9.615520477,12.93424797,8.957895279,6.40977478,7.117048264,2.551015139,7.601345062,7.805024147,3.090541124,1.134756565,1.380597591,3.919134617,4.298724174,4.313726425,6.859421253,2.559882164,5.278776169,6.555870056,3.385536671,11.35183716,13.89455605,11.05986023,8.778860092,2.624403954,1.703361869,1.134756565,6.180737019,1.836573362,5.229682922,1.582045555
9.956119537,8.50664711,10.64035511,8.875545502,7.695370674,11.61754799,4.683864117,8.265594482,8.886722565,2.48727107,1.294631362,1.509553909,4.138725281,4.093780041,3.660844803,6.622580528,4.605669975,5.042148113,5.919915199,2.703969479,9.292227745,13.83580875,10.90907669,7.429135799,4.400199413,1.865282536,1.293722868,5.435639381,1.614289522,3.903879404,1.427115917
6.17891407,4.561076164,2.566695213,2.796550035,1.283532858,0.863313258,0.807442784,1.334549785,1.170097589,1.502771139,0.767279983,0.813865006,0.64721179,1.255933285,0.756465912,1.00705862,1.494902372,1.218432665,1.511890888,1.167826533,6.678679466,6.755841732,3.840806961,1.111720562,0.649188757,0.946756542,0.784320414,2.345426798,0.818546653,0.979790628,0.913021803
1.747996211,2.631064415,1.386147738,1.687259436,1.755420923,1.927722216,0.669841766,1.734239817,2.65339613,1.376726151,0.789909899,0.59666729,0.862576187,0.933365107,1.620462656,1.121420979,0.820142746,0.842892945,0.853777647,0.865131736,7.23210001,9.197714806,6.981530666,2.189162254,1.112277031,0.610818148,0.609683514,1.016437769,0.951444387,0.949120164,0.683708072
4.831165791,3.129054785,4.004576683,3.665610075,3.269427299,1.173887253,1.215854645,3.387919903,3.792182922,1.289286613,0.738668501,0.601589084,0.956976533,1.291074038,0.751061618,0.942298532,0.999555469,0.612229586,1.071828842,0.892072678,4.573839664,8.570572853,5.932010174,1.823058605,1.487854242,1.124365091,0.751061618,1.571830869,0.922901988,1.054545879,1.563869596
4.33788681,2.184566021,4.73516655,2.18612957,3.37122035,2.123196125,1.051006556,1.883466959,3.579613209,1.027005076,0.748428702,0.912761331,0.865832627,1.059570789,0.786987126,0.560015798,0.747059226,1.160456538,1.977750659,0.841042042,6.673144817,8.102944374,5.784230232,1.053744674,0.680016816,0.740734994,0.602022469,1.407054305,0.684465706,1.402013898,0.847653925
2.311275482,2.375957966,3.048058748,4.000427246,2.669014931,1.71803689,0.824747562,1.210490704,2.807226896,0.755291462,0.663371801,0.899405956,0.672073245,0.957702696,1.031147003,1.067165852,0.852955461,1.096261978,0.835302114,1.414228201,7.95778513,8.669570923,6.13380146,0.938945055,0.581834078,0.648526073,0.566199481,0.745010972,1.143262386,0.661643267,0.887932122
1.593330383,1.261484385,0.83985734,0.626419544,1.063056231,1.905469894,0.637658596,0.954701006,1.59784627,1.010779619,1.463243484,1.149567842,0.563207805,1.448978662,0.740666628,1.00705862,0.585463166,0.842892945,0.731007993,0.786869228,3.014144421,2.948996544,2.383361101,0.736571789,0.489776194,1.505617619,0.913612485,0.918721318,1.432930231,1.264150739,0.652213573
4.651110172,2.797858953,3.532862663,1.714529514,1.767219543,0.878259778,1.285433769,1.33377862,1.238852739,1.051117897,0.837958932,0.76910919,0.93627435,0.896082461,0.86728543,0.760208786,1.345824718,1.036450028,0.888452113,0.852897525,7.127561569,9.600201607,6.769369602,1.300930023,0.878259659,0.834504962,0.942650795,1.95723176,0.995357931,0.831668735,0.757921696
2.055701017,3.544272423,6.774816036,3.342136145,2.595609665,1.494442463,0.981599689,1.592960596,2.145859718,1.062094212,0.836581588,0.912085772,0.970850587,0.702128708,0.71257782,0.897765696,0.769937396,0.949383855,1.066851616,0.863313198,9.249706268,8.24679184,6.513317585,1.367310286,0.689855754,0.763613164,1.001595259,1.37131834,0.909338295,1.1179564,0.863313198
1.194043159,2.783154011,7.710844994,1.151637554,1.860337973,1.54259491,0.782545447,1.325352192,1.06305635,0.898855865,1.183124542,0.928945422,1.556531072,1.048313737,1.244969845,0.720244467,1.747996211,0.715312064,0.558907986,0.83203578,9.347967148,7.400060654,3.785666704,0.769229531,0.725915313,0.919805408,0.59931922,1.201653004,1.497828484,0.920776367,0.632835865
6.678670883,5.263520241,4.252146721,3.983868599,2.679766178,3.004289389,0.875203788,2.499639511,2.87737608,1.013434649,0.751236439,0.588561893,1.282449961,0.843469322,1.120404959,1.013434649,0.947780609,1.111208677,1.652996063,0.806066751,7.463381767,8.62508297,6.11772871,4.794557571,0.917298615,0.755539119,0.787474394,1.331394911,0.945027232,0.878259659,1.184674263
2.745834589,3.974613428,7.166248322,3.245383263,1.240081072,3.937157154,1.344750166,1.710684419,1.084054947,0.981507361,0.808209777,1.173016191,0.818908989,1.221690655,0.941466928,1.221619606,0.78912276,0.730641484,1.315307617,0.900649428,8.091682434,8.792128563,6.286782265,2.184566021,0.723555088,0.56813848,0.693333268,1.400581837,0.823196888,1.218684196,1.375832081
1.400192499,1.187596083,1.120299339,0.886046112,2.424971342,3.818940639,0.736499488,1.86857152,1.174727201,0.980684519,1.414190292,0.62931776,0.889761269,1.43511045,0.815609813,0.594260573,0.870807111,0.989414752,0.8547768,0.714206517,5.884108067,5.341300964,1.29714632,0.746239245,0.648631871,0.634137869,0.756465912,1.057261825,0.934192717,0.972217381,0.919510484
9.298363686,7.951553345,6.495066643,7.274707794,3.440437555,1.443719625,0.965081632,2.377267122,2.672030926,1.043308496,0.652409792,0.76154238,2.187965393,0,2.653326273,1.813804388,3.249274015,5.179409981,7.917391777,2.351143122,10.9315424,11.83171272,8.184675217,4.867668152,0.723251402,1.064291,0.934625566,4.792634964,0.968511522,4.17689085,0.860312104
10.6225853,6.548514843,7.173381329,7.198318958,6.848772049,4.349450588,1.099462986,6.65358448,6.929615974,1.600614786,0.993458867,0.931280196,1.000748277,0,5.891594887,1.239742279,0.754499972,1.742343903,6.740267754,3.244989395,10.55299568,12.33002377,8.342161179,7.225028992,0.678272247,1.268096924,0.879494548,4.472621441,0.783116579,1.098675728,0.90052402
8.454637527,7.430571079,7.548699856,7.790927887,6.466537952,7.359092236,0.93269372,5.552227497,7.102482796,1.257842779,0.459312558,1.082723141,1.115370631,0,2.16907382,1.615224957,1.841954947,3.589098692,6.295742035,1.502181053,6.886541843,12.42778778,8.659770012,5.071936607,0.609660864,1.253324032,0.778212428,4.639357567,1.171262741,1.128157139,1.172924519
8.810664177,6.567079544,6.843521118,9.243075371,5.886303902,5.280544281,0.956880569,5.441058159,6.055297852,1.225403309,0.933209717,0.814101875,2.084269524,0,0.740454555,2.244926691,1.291167617,0.994071484,5.715997696,1.116122603,11.7246418,12.68444633,8.91037178,3.574269295,1.062271357,0.968782544,0.953799844,2.495540619,0.88169384,0.814641237,0.898802936
7.336602211,7.734426498,7.455788612,7.137597084,4.793377399,6.500323296,0.948724389,4.544424534,6.300812244,1.20276463,1.108029366,0.914992332,0.946700811,0,1.590204358,1.420086026,1.239176035,2.434999228,5.123958588,1.791337252,9.73335743,13.57296562,9.638846397,4.018018246,1.030375957,0.846602917,0.789532542,1.016768217,0.422768533,1.709264636,0.886670113
5.788674831,8.107556343,8.512442589,6.831486225,6.218710423,7.309831142,1.223337173,6.177962303,7.086561203,1.245681286,0.668774426,0.770405293,1.15268445,0,1.881678224,1.963799953,4.940424442,1.963799953,5.408737659,1.906147718,10.01498508,11.65521717,8.012195587,3.103492737,0.963185966,1.119460344,0.543397069,1.675906181,0.913254142,1.915719032,0.809820533
2.7254076,6.200200558,8.802313805,6.230381489,6.42680788,4.626228809,0.675995767,4.716841698,8.035744667,0.630724967,0.549489737,0.804857552,0.8641994,0,1.849596977,1.342149019,3.95941925,1.3615973,3.639214754,2.150157928,7.89650774,11.53399563,8.892978668,5.927085876,1.063224435,1.136161804,1.296281338,1.136161804,0.986294746,1.251785159,0.763607085
7.157500744,8.392049789,8.483644485,8.418266296,5.698846817,5.972153187,0.855008543,5.232758522,7.050059795,0.777251482,0.632118344,1.25673914,1.22236979,0,5.165872097,1.30583632,0.84337163,1.348862886,6.27109623,1.681432486,2.001572132,12.78744221,9.887518883,0.966405094,0.668751836,2.37430501,0.986876011,1.306551933,1.038513184,1.380248547,0.912562549
7.785428047,6.935303211,8.324485779,7.252506733,7.427284241,5.173536777,7.93249321,7.434200287,8.53512764,1.301947951,0.898473442,0.64703846,2.011971951,0,1.296743155,1.397172928,4.45721674,1.111693144,3.404614449,1.340670109,7.641721725,12.63981152,9.478749275,2.402599573,8.084418297,1.03155899,0.72791481,2.095942259,0.534995496,0.819460273,0.957591951
6.929588318,7.281841278,8.695188522,7.423509598,7.260342598,6.269109726,1.541113734,6.156499863,6.755393028,1.378529072,1.009851933,0.749328256,2.323231697,0,4.977947235,2.019812346,3.033946753,1.131656885,4.922201157,2.947922707,9.088902473,12.26394272,8.973809242,7.554580688,0.883316338,0.732410312,0.772627115,2.145209312,0.520655036,1.124583602,0.576730967
7.852006435,7.47329855,7.948137283,7.023432732,4.745111942,6.983167648,0.960554719,5.005211353,5.173905849,1.315599203,1.015418172,0.802459598,2.923316479,0,1.215972424,2.063541889,6.940169334,1.367887735,4.599161625,1.264629126,9.121896744,11.81177235,7.880588055,7.108605385,0.960554719,0.682457447,1.080444574,2.486563444,1.10906136,1.080444574,1.018108845
2.949516296,11.04066563,8.359238625,5.633491516,1.796831608,2.445814848,1.047914505,2.242709637,2.477813721,0.726477027,0.690773368,0.790097296,3.028851986,0,0.78368926,0.937803507,2.371796131,1.235406399,6.237143993,1.617401719,12.98367119,13.43744755,11.26076126,5.426576614,0.877933741,1.015887022,0.805550933,2.290596724,1.210921764,0.791602671,0.748327374
9.45972538,8.194705963,7.880397797,7.886987209,4.675451756,3.158943415,1.180802822,5.78341341,5.780557156,1.533949375,0.914074063,0.997932434,1.082031488,0,1.194402695,1.194772482,0.861520529,1.150516748,6.246583462,2.37055397,10.44919777,12.68205452,9.237770081,5.957463741,0.690773368,1.035790682,0.744250178,2.590955734,0.960554719,1.814642429,0.933079064
6.685450077,6.627670288,8.671572685,7.023834229,9.349919319,5.105018616,1.233714819,8.169049263,9.37685585,0.944874287,0.969830632,0.754499853,2.697780848,0,0.874610424,1.189572573,2.386741161,1.269824743,3.907688141,2.151833296,8.53203392,11.93517876,9.076996803,7.862215042,0.900378942,1.127723575,0.68748939,1.443589449,1.317783594,0.86670202,1.185277581
8.843082428,8.464617729,7.246054173,7.023303032,5.044602871,5.923282623,0.680674314,3.94218874,3.786465406,1.598523974,0.696280539,0.864705026,1.26398468,0,1.024648666,2.171626806,1.536850929,1.358564377,6.071668625,1.186838746,10.69287491,12.6342907,8.209237099,3.22087574,0.728685558,0.873389125,1.268945932,2.082786322,0.714366555,1.237236261,1.070627928
7.625067234,6.628953934,8.689425468,6.637183189,6.8815732,5.900022507,2.298953772,7.215421677,7.649134159,1.370563507,0.63762784,0.944838285,1.000748277,0,0.996155977,2.243738651,3.850067854,2.487157345,6.183741093,2.510119677,8.199179649,12.33911228,8.470050812,4.873308182,1.285461903,0.749738514,0.941813231,2.244294167,0.741694927,2.026622057,0.781052113
9.103050232,8.051883698,8.747001648,8.774554253,6.773883343,4.32207489,0.920994878,6.582274914,7.590940475,1.028952599,0.837685883,0.603734851,1.792438269,0,1.264777184,2.966012955,1.174009442,3.551190376,6.920181274,1.584129333,10.47708511,13.49689388,9.785455704,3.756028414,0.809206903,0.786060929,0.936396122,3.522356749,0.935013413,2.385416031,1.065328121
8.584669113,6.927670002,7.45624876,7.113955498,5.945074081,3.294407845,0.878186464,5.935553551,6.52133131,0.875663757,1.02019608,0.955462456,2.075141907,0,1.052048564,3.414520025,2.330139399,1.674153209,6.734155178,1.2135005,9.251790047,12.04587555,8.25100708,3.787296057,0.759637713,0.968782544,1.305614948,1.305614948,0.931938052,1.032767534,0.999911785
9.995330811,8.013237,10.37339401,8.528862,4.35511446,5.565968037,6.877631187,1.395730495,3.734499216,1.657145262,0.714387774,0.828404009,1.412145138,0,0.777806044,3.192416906,1.097679138,1.37195158,6.489052296,1.012817383,11.90368748,13.33025551,9.380903244,3.730417252,6.811563969,0.987592876,1.009420872,1.860408306,0.941196918,1.37195158,0.998750925
9.64861393,10.01598549,8.987019539,7.650948048,4.457949162,4.624722481,1.144221067,5.257639885,5.888465405,1.119808435,0.650585711,1.01888454,1.716848135,0,1.519489765,2.708051205,1.152253985,2.310008287,6.155002594,1.1457057,12.68778801,12.62206268,8.437512398,4.974810123,1.086651325,1.200033665,1.108513117,2.488036156,1.20344305,3.850839615,0.692013264
11.33494568,7.811190605,7.327875137,7.383533001,5.221741199,2.997344971,6.924773216,5.191558838,6.290483475,1.649366975,0.629982233,0.943706691,1.629796386,0,1.003583431,4.248080254,1.338533759,1.96534431,6.224815369,3.159833431,8.712697983,13.4086628,9.640378952,5.059323788,7.135837078,0.865694106,0.787659526,3.8149755,0.540012836,1.200267553,0.928267121
11.26888561,7.936336994,7.885119915,7.894664764,6.649953365,7.771018505,4.62593174,6.693344116,7.004236698,0.781821251,1.026629686,0.632118344,0.993982077,0,1.112672329,2.535051346,1.68996191,2.892951965,6.695085526,1.116966248,10.60162926,12.38971424,8.464589119,3.509517193,5.799301147,1.064422369,0.909967244,1.413722515,0.757799029,0.992276371,0.780805469
6.564648151,8.296712875,11.68123436,5.894767761,1.95374155,6.058166027,2.567279339,1.562077045,2.594829082,1.309486032,1.033740044,1.434921384,1.93385613,0,9.01874733,2.03145957,1.132595062,4.05951786,6.904713631,6.909031868,10.71952438,11.61164856,8.012739182,3.376550436,3.487478733,0.72973752,1.303680182,3.245894432,0.582415819,1.163437366,1.395755529
6.494623661,5.851351738,7.567384243,6.432022095,6.768486977,5.705826759,0.910461128,6.377593517,7.250920296,2.323989391,0.810206413,1.573609591,4.417808056,0,8.000944138,3.586997509,3.929873943,1.827355385,5.835240841,5.62690258,7.997808456,11.62576771,7.790084362,6.047689438,1.009554863,1.236887336,0.889076471,4.849074364,0.786979556,0.880001426,6.229876041
6.876797676,5.952227116,5.632422924,5.063272476,1.556268692,2.342356443,0.807433844,1.383913279,2.194342852,2.733924866,0.934796393,0.944838285,1.194572449,0,5.44033432,6.344400406,1.257745266,5.94868803,9.822453499,3.547459841,5.575486183,10.9551878,6.766551495,2.432926893,0.903907597,0.770836234,0.734940052,5.114963055,0.814062834,4.811867237,1.733251095
5.395921707,5.14905262,4.553417683,6.098288059,2.714101791,1.874735355,1.0172019,1.325446844,2.134020805,4.18922472,0.640221238,0.786982477,3.385445356,0,6.747666359,4.949687004,5.998155117,6.530132771,9.402781487,5.646834373,7.887465954,10.39212894,6.691010952,1.679926872,0.860873699,1.447439432,0.680852473,5.390162468,1.255989552,6.471942425,7.214636326
5.697069168,5.248038292,5.042490005,6.029205322,2.995182991,2.307761669,0.873948574,2.086376667,3.546010494,1.31273663,0.907758713,0.898251355,2.125911713,0,7.693997383,5.132810593,5.100295544,5.631631851,9.202144623,5.771641254,7.725203514,10.87069607,6.829782963,2.129054785,0.940931797,1.295925975,0.537370324,5.95286274,0.756917775,5.96459341,6.307398796
9.234592438,6.482438564,7.74861002,7.345592022,6.341875076,3.661226273,3.323133707,6.631333828,6.771107674,1.404300213,0.908732355,0.883853793,2.305578232,0,1.854703426,4.442200661,4.626095295,2.892951965,6.396350861,2.361946583,12.27803802,12.00572968,8.527947426,6.67914772,3.831416607,0.746987522,1.763958216,4.946166515,0.958325267,1.210156798,0.847429991
6.076987743,6.172979355,5.95671463,5.878957748,4.461817741,3.645574093,0.732758403,4.877615929,4.756332397,2.696290493,0.778894246,1.285422206,5.501750946,0,6.346277237,5.611010551,5.384263515,6.155618668,9.697006226,4.972604752,6.713109016,10.85639095,5.860405445,3.502010345,0.802158475,0.845169187,0.963546753,5.14252615,1.722670674,5.598581314,10.44205666
5.158843994,6.314380646,7.605695724,7.39266777,6.244044781,6.555397987,1.413420558,5.730021,6.701553822,1.441105723,0.892651498,1.531243563,5.454986095,0,0.889673114,4.163744926,5.484142303,3.728341818,7.884730816,2.138753176,3.37316227,12.09167004,8.131464005,4.191905499,0.870015204,1.260906458,1.421034336,4.554323196,0.780227363,1.540750742,5.106902122
5.188505173,7.195117474,6.881173134,7.420029163,4.915401936,3.629594803,0.574666977,5.361433029,5.893660545,3.766386986,0.866911471,2.201530933,2.500555992,0,6.279290199,5.434903145,9.371931076,5.876377106,8.960175514,5.978447914,4.911243916,12.60377312,9.244283676,3.763688326,0.796319485,0.99115485,1.638387918,3.680910349,2.200026989,5.413326263,6.266176701
3.681438923,9.631615639,11.27393246,7.571564674,2.415459394,6.047458172,1.229887724,3.415622234,4.238897324,2.032147884,0.806060255,0.617190301,2.030521154,0,1.470479727,1.465889573,0.941196918,3.208529949,6.666762829,1.43979454,10.9058857,13.01463604,10.14404297,4.344740868,0.78368777,1.076158762,1.516857862,5.409399033,0.697499394,0.735909462,0.73569566
9.782009125,8.263050079,10.05955505,6.539237022,7.640980721,7.733170033,5.939562798,7.366825104,7.889548302,1.38724637,0.775902689,1.11064291,1.337642312,0,6.656746864,3.488037825,1.502088785,1.618877649,4.531011581,3.482685566,7.869324684,11.81021881,7.57545042,4.873641014,6.318292141,0.783067942,1.382138491,1.994985938,0.860873699,1.435376167,1.608677626
7.645546913,4.760534763,6.308066368,5.436142921,5.731951237,3.335621595,1.085302472,5.784041405,6.254261971,1.17829752,0.846786022,0.919161677,3.708066702,0,3.342362165,4.25140667,3.986123562,1.589093089,5.381673813,3.045429468,5.677641392,10.71614647,5.929523468,2.570432901,0.849614203,1.03155899,0.96190685,4.046863556,0.906261444,4.208443642,5.112598419
2.819347382,6.495084286,6.230408192,6.235244751,4.536085606,2.931566715,0.920994878,5.219543457,5.739285946,4.028300762,0.723251402,0.711452127,2.035606861,0,1.477711082,3.538123846,4.015647411,4.956330299,8.681305885,2.114542961,0.830266953,11.71203423,7.669766426,4.213626385,0.756928205,3.246706486,0.697471023,7.613881111,0.9378106,2.72120142,0.974158704
6.609281063,5.277407646,6.781507969,5.867927074,7.916288376,3.277364254,0.849452555,6.479941845,7.640649796,1.668155193,0.549489737,0.960535228,0.89442879,0,0.950939655,1.587964535,1.525381207,0.937010765,5.667350292,1.218215942,1.48946476,12.22651291,8.669911385,3.601512909,0.93637538,1.074964166,0.68008554,4.873241425,1.373992085,0.844517112,0.689672351
5.628148556,5.454490662,6.277327061,6.499332428,5.423460007,2.831220627,1.016148329,5.163753986,6.14837265,1.346261263,0.727148652,0.677831888,5.464165688,0,5.116715908,5.274777412,8.26884079,6.814105034,9.905256271,3.835841417,6.42378521,10.54017162,6.394140244,4.210830212,0.869851232,1.032608509,0.981507003,4.816349506,2.106696606,6.236548424,6.574481487
5.93102169,5.700509548,7.69535017,6.597171307,7.024074078,5.083795547,0.765552163,6.511657715,6.778909206,1.471442223,1.204498053,0.617190301,1.578949451,0,9.059533119,4.307250977,3.058927059,2.202475548,6.706969738,6.886171341,5.878200531,11.07958317,7.40767622,4.467290401,1.131656885,1.03155899,0.667762876,3.986376286,2.187783241,0.695711076,2.468727112
6.50865078,4.441400528,6.287874222,5.728231907,4.642587662,4.11638546,0.633103609,4.051566601,5.085494995,4.134146214,0.877714157,7.685174942,2.185176849,0,7.136324406,6.152187347,6.973732948,6.276205063,9.668312073,5.869456291,7.150424004,10.54602432,6.3902421,3.23015213,0.54617095,0.971183717,7.28241396,4.898569107,2.792156696,4.826006413,3.313157082
5.503118038,5.307939529,6.614776611,5.202617168,5.618426323,5.270664215,0.838005185,5.257639885,6.256271362,2.780852318,0.763079822,0.909885883,3.098193169,0,1.482719421,3.448400736,6.911045551,3.711936951,7.754172325,1.262274265,3.373763561,11.10895824,7.460895061,4.81575346,1.03155899,0.850747466,0.835981667,4.150885105,0.988664985,6.518590927,1.41136682
10.17407131,7.340150356,11.04509354,8.520357132,5.605022907,5.546094418,0.828169405,6.179292679,6.435852051,1.50088501,0.846369505,0.962646306,2.452991009,0,1.195363522,3.221169233,3.325828075,2.048089027,5.799494267,1.386418939,9.981820107,13.03784752,8.753740311,4.510865688,0.76321125,0.725517392,1.002654195,2.68145895,0.670936048,0.789482236,0.789335608
6.597834587,6.340847492,9.000342369,6.639822006,4.740726948,5.415202141,0.676015139,4.881343365,5.714502811,2.610723972,0.440115929,6.04931736,1.995511889,0,6.513775826,4.573133469,2.236135006,3.809448957,7.49407196,5.563854218,3.432485104,11.27270699,7.426104069,2.952848434,0.817093551,1.139839172,5.528139591,5.353208065,0.672606111,5.567240715,2.461020947
9.016544342,6.308382511,7.208196163,6.826173306,5.10543251,5.412958145,1.044588327,5.283675671,6.092922211,2.637452126,0.858230531,1.645812988,4.176940918,0,8.633102417,6.699855804,4.94329834,6.348379612,8.732322693,7.520584106,5.289578438,11.33027554,7.389501095,5.396396637,0.831507027,1.174948931,1.650319815,3.908070803,3.410311699,6.906196117,7.714035511
7.502116203,7.099918842,8.243317604,6.98285675,4.944673061,5.837899208,1.689533234,4.798650265,5.655230045,1.166197777,0.616647363,1.069028139,1.989315867,0,9.396468163,5.602088928,2.033403873,3.452686548,6.400462627,7.492254257,6.144237518,11.34216213,6.328977585,2.140777111,2.667734623,1.201915741,0.63723731,2.232716084,0.766914845,1.683994532,4.836094856
8.508316994,5.492609978,5.19937706,4.420780659,2.070526123,1.679862976,0.904974461,1.719632626,3.99504137,1.546862841,0.978121698,0.875232995,1.314442873,0,7.827591419,5.232888222,2.281494379,6.864088058,10.48838139,6.65433979,10.10986423,11.19717216,7.136946201,2.203137159,0.655452549,1.206560373,0.739082932,3.412782192,1.36530757,2.046860218,1.735355735
5.675775051,6.788167953,7.362514019,7.347996712,6.042682648,3.972657204,5.756726265,6.004316807,6.382585526,2.09100008,0.743908167,2.37701273,1.755952597,0,5.360868454,3.702692032,4.933470726,2.857300997,7.201102257,2.435334682,9.17302227,12.93063259,9.722801208,6.093336105,6.199512482,1.115874529,1.792001724,3.770515919,0.618262291,2.82025528,1.197221518
7.715939522,3.907726526,6.456825256,8.579511642,1.36956501,5.17034483,1.238596201,0.730226517,1.057435036,3.545624256,0.836162567,0.681189537,9.156493187,0,8.010437012,4.633937836,11.65504456,6.147292137,9.592114449,6.460557938,0.980756283,8.326335907,1.701205254,6.929831982,0.799954891,1.044425964,0.895602465,2.381827116,1.038513184,1.029411793,0.813710093
7.831216335,6.283950329,1.386418819,4.789580822,0.983012199,1.815703869,0.884836972,1.153750896,0.723401606,4.831897259,0.810206413,9.351491928,8.36139679,0,0.989961684,1.251960754,1.132595062,7.559227943,10.35444546,1.128168583,8.845586777,9.747052193,4.650176048,1.901977062,0.846448302,1.594198823,9.400933266,5.722795486,0.711523652,1.053985715,9.718212128
7.370662689,6.729931355,7.752961636,9.203424454,1.365693927,3.688565731,1.416088581,1.060774326,1.157601357,7.426348686,0.886647224,0.836527526,9.49518013,0,6.078083992,4.295085907,11.53068542,8.950984955,10.71083546,3.728745461,1.276627064,8.706535339,1.305003643,7.413622856,0.864762664,2.099654675,0.85749948,4.072246075,1.170544386,4.607079029,0.903683841
3.297673225,3.332138062,4.063471794,3.370872974,3.875993967,3.475274086,3.181779861,3.329131842,4.14966011,2.874695301,2.816144228,2.901062965,3.294863939,0,3.198287487,2.97405529,3.396791697,2.945822239,4.087590218,3.506880999,3.859107494,6.107646465,4.40632534,2.880750418,2.741320372,3.237432003,2.944405317,3.555845737,3.7836833,2.946825981,3.961319685
3.121759415,3.514451027,5.011030197,3.215524912,3.454527617,3.843863726,2.673367977,3.372243643,3.727161646,2.990424871,3.112341642,3.188029766,3.260913849,0,3.227510929,3.012606859,3.390916824,3.098936081,3.547740698,3.288943768,4.794843197,8.400414467,5.752037525,3.043249846,2.773215294,3.422026396,3.027318001,3.273536205,3.298465014,2.872814417,3.626559496
3.754228592,4.39078474,4.518830299,4.713290215,4.598623753,4.359694004,3.035181761,4.274087906,4.193119049,3.335533142,2.679252625,2.924412489,3.740648031,0,3.550549746,3.835404396,3.410435677,4.544317245,6.497774601,3.968789577,4.123740196,9.015580177,4.734260082,3.740372419,2.846546412,3.180140495,2.987533092,3.285407543,2.940006733,4.656623363,3.714443207
3.247620106,2.990314245,3.108462811,3.2971766,3.280788898,3.10860014,2.932337284,3.206878901,3.411445141,3.033141613,2.898706913,2.948401928,3.187979221,0,3.484615088,3.455987692,3.296834946,2.64682436,4.204795837,3.034100056,3.785574198,3.70538187,3.658835888,3.244688988,2.857159376,3.526174545,2.84178853,3.36913681,3.157181501,2.879066706,3.242768764
3.334339857,2.988912821,3.085860014,3.914625883,3.560630798,3.705224514,2.993946314,3.512867928,3.167971611,3.143326759,2.588484287,2.828299522,2.890634775,0,3.596558094,3.185983181,3.227870941,3.167439699,5.479585171,3.578564882,4.65191412,6.790649891,4.425110817,3.006319523,2.936884642,3.191386223,3.092314959,3.389776707,3.122882366,2.70938611,3.101872683
3.050275803,3.084605932,2.878405809,3.349043131,3.496400356,4.388338566,2.901151896,3.583990812,2.939540386,3.181515455,2.851407528,2.870807409,3.087797403,0,2.821537971,2.840781689,3.250007153,3.274431705,2.96318531,3.963826656,3.587948084,5.935454369,3.452290058,3.329241991,2.773815632,4.676647663,3.130174875,4.282182217,3.220302582,3.017118931,3.342475891
3.948574066,4.94366169,5.592537403,3.723295212,4.803437233,4.71399498,2.740067959,4.268713951,5.271933556,2.987406969,2.719518661,3.395345211,3.747166634,0,7.358474731,3.25777626,3.538920879,3.471609116,5.812745571,5.605214119,6.638206959,9.165533066,4.983248711,3.727769613,2.825380802,3.512009859,3.754100323,3.500312328,2.99567461,3.068301678,5.012692451
3.437964678,4.463690758,4.061677933,3.78648901,4.619361401,4.510475159,3.103221893,3.748792171,4.103237152,3.059597492,3.110326529,2.783061981,3.175187349,0,2.847005844,2.817385435,4.174022675,3.655506849,6.6684618,3.495841026,4.46182251,9.291921616,5.992006302,4.119737625,2.979376793,3.109777927,2.97636342,3.52193737,3.316231251,2.728112221,4.57320261
4.094539642,3.480834246,3.650802612,3.174870491,3.75780344,4.415404797,3.09326005,3.388118982,3.771903515,3.290790081,3.021831274,3.379833937,3.542015314,0,3.202736855,3.073479176,5.719050884,3.445513725,7.985421181,3.552488565,2.783198833,8.820156097,4.134960651,3.388392448,2.675839186,3.344365597,3.729988813,3.517810822,3.100629807,3.614285946,4.329299927
3.918507099,3.544882059,3.423810005,3.416994572,3.692139149,3.823843718,2.911905766,3.266232014,3.454521656,3.605756521,2.767976761,2.984645367,3.483270168,0,2.932552814,2.783100605,3.349958897,3.01751852,5.153363228,3.735062361,3.76324892,7.740929604,4.276754379,3.285058737,2.617246151,3.199663162,2.98897481,3.556355238,3.31930089,3.039550304,3.465098858
4.126509666,4.033285141,5.260182381,3.222519398,4.150912285,4.553367615,2.765508652,3.757731915,4.181919575,3.392274857,2.779375076,2.934131861,3.75117135,0,3.251849651,2.893245697,3.977873802,3.291995525,5.852753162,3.088061571,3.498829365,9.22892189,4.995383263,3.153782368,2.782371521,3.024722338,2.914506912,3.206414223,2.975488663,2.98495388,3.542138338
3.259371519,3.337605953,3.008869171,3.332622766,3.526191235,5.050222397,2.794915438,3.225282907,2.8016572,2.902524471,2.739332914,2.87401247,3.259837151,0,3.190562487,2.860863209,3.304791212,2.662697315,3.809468269,3.974893093,3.549711943,8.305514336,3.277287483,3.429599285,2.526987314,3.84837389,3.190101385,4.249168396,3.039897442,3.207503319,3.357091665
3.336082935,3.481702566,3.071032286,3.447133064,3.145859241,4.489594936,2.959335089,3.466840267,3.18965745,3.166017294,3.017518044,3.369189262,3.327020884,0,3.114721775,2.927665949,2.826285839,3.205572605,3.223652363,3.725984573,4.063275814,8.148813248,3.55920887,3.488093853,2.795019865,4.039234161,3.543048143,3.205784798,2.988666296,2.985739946,3.43166995
3.138360739,3.090350389,2.884979248,3.245924473,3.138360739,4.340950966,2.89274025,3.066410065,3.002536535,3.116102219,2.656463861,3.03086853,3.495700359,0,3.185894012,2.898267984,5.157916546,3.353694916,7.653635979,4.082297802,3.14312458,8.563386917,4.124581337,3.381399155,2.785062313,3.621104479,3.111512423,3.630166292,2.912299633,3.119799614,3.277271271
3.423336029,3.264852047,3.057456732,3.234850883,2.942887783,4.175507545,2.636277914,3.270108223,3.114170074,3.00874567,2.753645658,2.885342836,3.477899075,0,2.926995754,2.882105827,3.162845612,3.345779896,7.201865196,4.602293015,3.598714828,7.436042309,3.386947393,3.313340187,2.67051053,4.250639915,3.227822304,4.030953407,3.46064806,3.168980122,4.237561226
3.186932087,4.163072586,4.941431046,4.526058197,3.203017712,4.053050041,3.000250578,3.569825411,3.713368177,3.354877949,3.069187164,2.840205193,3.667827606,0,6.126103401,3.058443546,3.118701935,4.822649002,7.641490936,5.875489235,3.868643761,9.403524399,5.634566307,3.326695681,2.590138197,3.709203243,3.284496307,3.751991987,5.026449203,3.743516922,7.882855415
3.918244123,4.162005424,4.188249588,4.435416222,3.336525202,5.012872219,2.972801447,3.417489052,3.464851856,3.085860729,2.82547617,3.205093145,3.245781422,0,4.00041008,2.938942432,3.606628895,3.03623867,5.254155159,4.213109016,3.654270887,9.931070328,6.966807365,3.04035759,2.834683895,3.659325361,2.978964806,3.587432384,3.189709663,3.696800232,4.74112606
3.085876942,3.121108532,3.974468708,3.29671526,3.935524464,4.526546001,2.852504253,3.232742786,4.135077953,2.81269145,2.998420715,2.748255253,3.32544136,0,3.004603863,3.452774525,2.805723667,3.196043968,6.108067513,3.6880126,3.324973822,8.57201767,4.028001785,3.109353542,2.820790768,3.807075977,3.16383028,3.86253643,3.535242081,3.07775569,5.869766712
3.044052124,3.195168972,3.602842331,3.310822248,3.408636093,5.021726608,2.940004349,3.371973753,3.551472425,2.824304104,3.990432262,2.672700644,3.02223587,0,3.073076248,2.745559931,3.08609724,3.554954052,4.009432793,3.743136883,5.357790947,9.324478149,5.671845436,3.571520567,2.915564299,3.931133986,3.111313105,3.633977413,3.459161758,3.152066708,3.128083944
3.488715649,3.515254259,5.481016159,3.811744452,3.628105879,4.16584444,3.011018991,3.875620365,4.702363014,2.935622931,3.089077473,3.187244654,3.479355097,0,3.626714945,2.735520363,5.578109741,3.413295507,7.082549095,4.889699936,5.598267078,8.946356773,5.839438438,3.982022524,2.723211527,4.23375082,3.569187641,3.33760643,3.382719278,3.029454708,5.654313087
2.871101379,3.313966274,3.070807457,3.304533005,3.018358231,4.426478386,2.804654121,3.427853584,2.913525105,3.111762047,2.844540596,2.782173872,3.262372017,0,2.933952093,2.769597054,3.116733551,3.10715723,4.507686615,4.585376263,3.38408041,8.866113663,4.51088047,3.4354949,2.685969591,4.424145222,3.037844181,3.975024462,3.391454458,3.082573652,3.28238821
5.482994556,5.087357521,5.889462471,5.820309639,9.097697258,4.480972767,2.93398428,8.03288269,8.458936691,3.144399166,2.955975056,3.284835339,4.122650146,0,2.785514832,3.800854445,4.335795403,3.507367849,5.757630348,3.27265048,10.65968418,11.49087715,7.07813406,3.111915588,2.887512922,3.01832962,3.290930748,3.599630356,3.617791414,3.128814697,3.022289276
3.912386894,3.452229977,3.482135296,3.471162558,3.198122978,3.890638351,2.835677385,3.283643484,3.48184824,3.46167326,3.664890766,3.107202291,3.172404051,0,4.038380146,3.061030626,3.415710449,3.755537748,8.681422234,4.87697649,3.724882603,9.833990097,7.353028774,3.435970783,2.525196552,3.381505251,3.067388535,5.184854984,3.000920534,3.361272812,3.064690113
5.103572845,5.93245697,5.583627701,5.254052639,4.454487801,4.255714893,2.987366199,4.122122765,5.036498547,3.033410549,3.201539278,2.7863276,4.06609869,0,3.604910851,2.918964386,4.001888275,3.560407162,5.169696808,3.797679901,7.477058887,9.74751091,6.075348854,4.896548748,2.759419203,3.524348736,3.219624519,3.570343018,3.234642744,3.321151733,3.064920425
5.780854225,3.492366552,4.24357748,3.69314146,3.923374653,3.611515045,2.881734848,3.384634256,3.700463057,3.719929695,2.739253521,3.539715052,3.924498796,0,3.868730307,3.402872324,3.125203609,3.838674307,7.082466602,3.779658079,5.658041954,8.717002869,5.119227409,3.628128052,2.676751614,3.52750802,3.917110205,3.43167901,3.334917068,3.65162468,6.232924938
3.224097967,3.861685038,3.791973591,3.711352348,3.715910196,3.941496611,2.743365526,3.881457806,3.51407814,2.751594782,2.971398354,2.901003838,3.462990046,0,3.292156458,3.33202672,6.57814312,3.472842693,5.262559891,4.12655735,3.629610062,9.429965973,6.44148016,3.699664831,2.629748344,3.484126329,3.477548122,3.620888948,3.398425817,3.314168453,3.766094446
3.108600378,3.272612572,3.162650585,2.992532253,2.971217394,3.666298389,2.786742687,3.407212496,3.003513098,2.81998682,3.53264451,3.22256732,3.127249241,0,2.963275909,3.00279808,2.965361834,3.049121857,3.886720657,4.183601379,3.921345234,8.373966217,3.805605888,3.30088377,2.668682337,4.847724438,3.248935699,4.831734657,3.232119322,3.134298325,3.52472496
3.335237026,3.125326872,3.883468628,3.503379583,3.797745466,3.85561657,2.69838953,3.574033022,3.50428009,2.885754347,2.995890617,2.82895875,3.654884338,0,2.999285698,3.133029461,3.142773628,3.419945955,7.050830841,3.270115614,3.60485363,7.240696907,3.998161316,2.985637903,2.676115513,3.130508423,3.118724823,4.069154739,3.026773691,2.936702728,3.309320688
3.477600098,4.295443535,3.205196381,3.057658434,3.875285864,4.262424469,2.934418678,3.631339073,3.173238754,2.949448109,2.71583271,2.884660959,3.540538311,0,2.88711381,3.01448679,3.42876029,2.934345484,4.034121037,3.876656771,3.862565994,8.780288696,3.620249987,3.57695508,2.769301653,3.34234643,2.991101027,3.143007994,3.238073826,2.831727982,3.627399683
2.952061176,3.070495844,3.865601778,3.765920877,3.278162003,4.323573112,2.957832098,3.476112604,3.361312866,2.970679045,3.285621166,3.510772705,3.100068331,0,3.072016478,3.067857265,2.867791653,3.125479698,5.745269775,4.208425522,3.270324707,8.902143478,4.081234932,2.996498585,2.691556454,3.865465164,3.803432465,3.665789366,3.192337513,3.171352148,3.735243797
4.194272518,4.069628716,4.201023579,3.86270833,5.071779251,5.029894829,3.124444485,4.02661562,5.340803623,2.931173563,2.630967379,2.894153833,2.909555674,0,3.30265975,3.268528461,3.853991508,3.431159496,3.730237484,3.905947924,4.934581757,9.204421043,5.920865059,3.731737852,2.73738122,3.400028706,3.311636925,3.350558758,3.141321182,2.980560064,2.894506216
4.205115318,4.684467316,5.584953308,4.724727631,4.409694672,3.809429407,3.193245411,4.293225765,4.925807476,3.496286154,2.823189974,2.907838345,3.893639088,0,4.104930878,3.074177504,5.662125111,3.528803825,5.992642879,3.786903858,6.830482483,9.261585236,5.893017769,3.571967363,2.567112446,3.059710503,3.137470007,4.503135681,3.160834551,3.532613277,3.277271271
3.477899075,3.556476593,3.842956543,3.910945892,3.360601425,3.797402859,2.793738365,3.189776421,3.052582026,2.965142012,3.057410717,2.987363815,2.946636677,0,3.358380079,3.169265747,3.012507915,3.330067396,4.062785149,3.748788118,3.09146595,9.038097382,5.182577133,3.002991676,2.754835129,3.477899075,3.070734024,3.511421204,3.167407036,3.14803648,3.350651503
3.240611076,3.440640688,3.038248301,3.100861073,3.41593504,4.185997486,2.823437214,3.106427908,2.988716602,2.846457958,3.07748723,2.887479305,3.218317509,0,2.786423683,2.692986965,3.079596758,3.441434383,3.24426651,4.183334351,3.099788666,8.517774582,4.488477707,3.523492575,2.656438589,3.921125412,3.36720562,3.907667637,3.084235191,2.857022285,3.585295916
2.996244431,2.912647486,3.025825977,3.690653324,3.783504248,4.827962399,3.023218632,4.042291641,3.174445152,3.190663815,2.768784523,2.797231913,3.16934371,0,3.072954178,2.947797537,3.345763206,2.81700635,2.800199986,3.236926556,3.274245024,4.373431206,3.574001789,2.972231865,2.844006538,3.732120275,2.933756351,3.561261415,3.095876455,2.859460831,3.351809263
3.842298269,3.478870392,3.632816792,4.590954781,3.472946405,3.661683321,2.943588257,3.192985058,3.322238922,3.557495832,2.808713436,2.699009895,3.2719419,0,2.974807501,3.526931047,3.407226324,3.272583246,6.034148216,3.127078533,2.771540165,8.085166931,5.284235001,3.089596987,2.791326523,3.420126915,2.87513113,3.601513624,3.217333794,4.060892582,3.228874922
5.482994556,2.887841225,3.280776978,3.442256927,3.618899107,3.988999844,2.72635293,3.409426928,3.33602047,3.093517542,2.559942722,3.187244654,3.233034849,0,3.264723063,3.162444115,3.105416775,3.041200638,3.923859119,3.655504704,3.196492672,8.465093613,5.924699306,3.361791849,2.684943199,3.87524128,2.998855591,3.856692791,3.250992775,2.875916004,3.388963699
4.076163292,3.408743143,6.211743832,4.239136696,4.556716919,4.702103615,3.335439682,3.757731915,4.439348221,3.496478081,2.942733049,2.875433445,3.743543863,0,3.203839779,3.12564683,4.019818306,3.215661049,3.531517029,3.186957836,5.647564411,8.875091553,4.628781319,3.5307374,2.789665461,3.264727354,3.023236275,3.779261112,3.059120655,3.422594309,3.529891968
4.501803875,3.922692537,4.787956715,5.353444576,3.493101597,3.293625355,2.844853878,2.793399334,4.272339344,3.202468872,3.184649229,2.948480129,3.860163689,0,5.36606884,3.418399334,3.620170116,3.552386284,5.35433197,3.890407801,3.395859718,9.495215416,6.72312355,2.926900148,3.238388538,3.644268036,3.116687298,3.981587887,3.616618156,2.920760393,3.087703228
2.921917677,3.558341026,3.379217148,3.329592228,3.380761623,4.122918129,2.853552341,3.581956863,3.607134342,2.985425472,2.941433191,2.886167288,3.055807352,0,2.733871937,2.862194061,3.406737804,3.533911943,3.888904572,3.80394578,8.732837677,10.06259918,6.403157711,3.100588322,2.941230774,3.641052485,3.148621559,3.391082048,3.007698536,3.37151432,3.226924896
3.048392296,3.321412563,3.80544138,3.407515049,3.382121086,4.615580559,2.760033131,3.609507799,3.466553211,2.863293409,3.024825811,2.82276392,3.066365719,0,2.987081289,2.814211369,2.972444534,3.139332771,4.475161552,4.357847214,3.998459816,9.369782448,4.920590878,3.49492979,2.610671759,4.359512329,2.912529945,4.068231583,3.398089409,3.151690722,3.627399683
3.224774599,3.396541834,3.389009476,3.985141516,3.61591053,3.626987219,2.855705738,3.110779047,3.449106216,2.930046558,3.053208828,3.107771158,3.110741138,0,2.941852093,3.666519403,3.188660145,3.330857277,4.927692413,3.282630444,3.691830158,9.095441818,6.268825054,3.18965745,2.882237434,3.473342896,3.298955917,3.330806732,3.514653206,3.103963137,3.790832043
4.160131454,4.473660946,5.552743912,4.848608017,5.371549606,3.907045603,3.276250601,4.082241535,5.510534286,3.293545485,2.822302341,2.831625462,3.430642605,0,3.115281343,3.211619854,5.650290012,4.389599323,7.078375816,3.620671988,4.127878666,9.380223274,6.432642937,3.734927177,2.821740866,3.286928654,3.123376369,3.851302147,3.168440104,3.803117514,5.795935154
3.154416084,3.40859127,5.086924553,3.701740265,3.596538544,4.0241189,2.956579208,3.66157341,3.392079115,2.990403414,2.935422897,2.759989262,2.997195721,0,4.354488373,2.708759785,3.060572147,3.200805187,4.156552315,4.460876465,5.881891251,8.862647057,4.998158455,3.977275372,2.669535398,4.279423714,2.751340628,3.494172573,3.192126513,2.69767046,3.239878654
3.785041094,3.588665009,5.716498375,5.152944565,6.29157114,4.298125744,2.872890472,5.311215401,6.358923435,2.945770979,3.259558201,3.214938164,4.248495579,0,4.292734146,2.759554863,4.12302494,3.740270615,6.814966679,4.534977913,3.986187935,8.407923698,4.310061932,4.120003223,2.71592021,3.51433754,3.106684923,3.742031336,3.070534945,4.63186121,3.345400095
3.660514355,4.85413599,5.157372952,5.447741508,4.226752281,4.401853561,3.180123091,3.424192429,3.378877163,2.944980145,2.823993683,2.79552865,4.165239334,0,2.93058753,2.884907007,3.59337759,4.770025253,6.243105412,3.587912798,7.411449432,9.604333878,6.498587132,3.839595318,2.896235466,3.401244164,3.065069675,3.670005798,3.251014709,3.672724009,3.301523924
2.948329926,3.501772642,3.50656724,3.562359571,4.449702263,4.157726288,2.98868227,3.757440329,4.083594799,3.470086336,2.919229031,2.861986637,3.293786526,0,3.34609127,3.020599365,3.300765991,3.434900045,6.662325382,3.586097002,3.230865955,8.228879929,4.70401144,3.340526581,2.737327814,3.604638577,3.239768028,3.710955143,3.405088425,3.020121574,3.492551804
4.618999481,4.177754402,6.819243908,5.225265503,4.435294151,4.264903545,3.026752949,4.278015137,5.079015255,3.159946203,3.170521259,2.711032152,4.667860508,0,3.253164768,3.265888691,6.418364048,4.261610985,6.444154739,3.97329545,6.060134411,8.684362411,5.886022568,4.22968483,2.834100485,3.491999626,3.104517937,3.530976295,3.047704458,3.73573494,3.205606461
2.82411027,3.80193758,5.548899651,3.511835814,3.665110826,4.140608788,2.915291309,3.417928219,3.198004246,2.891005993,3.01203537,2.871907473,3.230362415,0,4.213859558,2.957433939,3.114943981,2.873872995,3.346572876,4.087613106,6.578307152,9.280841827,5.440666676,3.135523319,2.760131836,3.656656027,2.932810783,3.329241991,3.127765894,3.237341881,3.345078707
3.587988377,3.267253399,5.215809345,3.454368591,4.458176136,4.142950535,3.08481884,4.291435242,5.509023666,3.125175476,3.250833035,2.783492327,3.076307058,0,2.831593037,2.76562953,3.105665445,3.458646297,6.112711906,3.954846144,5.814861298,9.011996269,5.405663967,3.405997276,3.005028725,3.96577692,3.12984848,3.669764757,3.192241192,4.367794991,3.191645145
