7.424120902999999,3.776097298,8.189443588,11.44662285,2.608053207,1.675155282,8.17351532,7.349064827,10.32394886,1.414927483,2.072809696,1.292251348,3.672201157,2.446374893,1.977169991,11.09150791,1.5888144969999998,4.154588223,6.943537235,9.347270966,2.948009491,8.019145012000001,2.296457291,3.40010643,7.400230408
6.460048676,5.209852695,4.688350677,11.91734123,5.974340916,3.235841274,8.078279495,3.918162346,8.376899718999999,1.439992905,2.350997925,1.905558705,2.5143513680000003,2.594048977,1.873175263,10.53228378,1.1420443059999998,2.664024115,7.1060075760000005,9.924263,2.567073345,7.962525368,1.970008731,4.556450844,7.507956505
3.1277399060000004,4.922919273,7.548474312000001,12.30939674,7.998045921,1.720747709,7.02666378,6.593798637000001,8.235255241,1.411364317,2.358292103,2.595781326,3.13428545,3.190273285,1.880336523,8.798648834,1.762095332,2.624022007,8.016352654,10.23417854,3.806908607,7.697921752999999,1.613620043,2.836748838,8.649674416
8.324152946,5.233657837,5.79259634,12.99340725,2.377252102,2.474103451,9.300636292,4.579413413999999,9.354758262999999,1.259003878,1.9103899,1.875068545,2.7474677560000003,3.3484253880000003,1.568876266,11.95670605,1.568876266,2.469219685,7.584613799999999,9.835816383,2.210645914,8.436395645,1.826495886,4.674608707,6.0069046020000005
4.217805862,3.4944510460000004,2.166299343,11.84802246,10.6309967,1.967427731,6.74780035,8.483295441000001,11.1241827,1.543596029,2.369641066,4.203912735,2.766810656,2.326235294,1.947142124,10.76949787,1.53084743,2.191451788,6.388009071,9.282936096,2.184965849,7.47638607,1.630486488,2.250308752,6.2827711110000015
6.107682228,6.242671967000001,8.827728271,11.29784298,6.874003887000001,1.587072492,7.69914341,8.875566483,9.521940231,1.54329133,2.495086432,1.940057993,2.855903387,2.31943202,1.478334665,11.36008739,1.4560960530000002,2.469498634,5.030390739,8.230674744,2.248787403,6.700266837999999,1.885126352,4.478598595,8.00109005
6.430001736,6.041591644,1.554168224,13.22709751,1.764270782,1.430298328,8.981762886,7.860862732,10.08138084,1.215559959,1.585815549,1.520375729,2.018572807,2.321057558,1.692045927,9.420938492000001,2.014136314,2.832811832,6.764655113,9.480846405,2.936024427,8.222428322,1.944926977,3.960818291,5.761487007
5.748468876,4.892263889,6.425969124,11.96658325,7.089374065,1.851417661,6.209143162,8.306194305,9.227010727,1.368407369,2.417956114,4.275393009,2.622289419,2.541457415,1.855921507,9.644015312,1.822524905,2.701389074,6.369827271,10.19646835,3.535375118,7.249848366,2.205463409,2.525375843,5.132723808
5.177170753,6.142972946,4.427328587,13.41535091,7.289133549,1.810173035,8.394183158999999,6.347364902000001,9.567625046,1.620084047,1.799313545,1.895876288,3.230965614,1.801608205,2.430237532,9.361215591,1.44588685,4.784350872,5.974277496,9.743003845,2.074891329,7.174235821,1.5136398080000002,2.823313713,6.287672043
10.2063961,6.015016556,4.899272442,11.64494514,4.067323685,2.216746807,9.688419342000001,2.73920989,9.289520264,1.326558113,2.606779099,1.5045094490000002,2.906736612,2.439469576,1.7440165280000002,13.75954247,1.409170628,2.927108765,5.309623241000001,9.443424225,2.770667553,8.791903496,2.943405867,4.294990063,9.69285965
4.74393177,5.249515533,9.265761375,13.09044647,11.2930212,2.050723076,7.629346848,7.0558776860000005,12.10018349,1.4029779430000002,2.677240849,1.894690037,5.10144043,2.598883152,3.072520494,10.85026073,1.42520988,2.989807129,7.651894568999999,11.20581341,2.7983403210000004,7.044198036,2.919801712,3.326652288,4.6758460999999985
7.58739996,3.549856663,2.705592155,12.69349194,7.030991554,2.177844524,8.45953083,4.26004076,9.793686867,1.829393983,2.072098255,2.354177952,2.860098124,1.992531776,1.523581862,11.27520943,1.042072058,2.43848896,8.095267296,12.72998428,1.547063231,8.078889847000001,1.430082321,3.833899498,3.715199947
4.904307842,5.272817612,7.659653187000001,9.577461243,9.507204056,1.877367735,8.37062645,5.667744637,9.273593903,1.4736764430000002,3.39964056,1.333270311,1.765844584,2.021271706,1.942540646,9.759410857999999,1.365105987,3.489595413,2.106395721,9.655857086000001,1.71535182,7.432877541,1.3271780009999998,3.634544373,7.301950455
7.086822033,5.628520966,9.773164749,12.99804974,6.392150879,1.603037715,9.063576698,7.21737957,7.89418745,1.525096416,1.922471523,1.390893221,3.833685398,2.609025002,2.273650885,10.48245621,1.40938735,2.66412282,9.604914665,9.341001511,5.570148467999999,7.376627445,1.691036463,3.163207054,8.514320374
9.399788857,2.6726408,5.122980118,11.80773354,12.67222786,1.556140304,8.588323593,3.830453873,11.18364334,1.227580547,1.7900607590000002,1.842469096,3.219521761,1.978464603,1.452419996,13.04903412,1.204698563,2.932642221,7.152917385,10.31307793,1.878043175,9.248784065,1.418831825,3.729611635,8.413832664
6.601652145,3.775387764,2.701841593,12.19752026,10.33143425,2.368857145,8.721596717999999,8.154435158,10.16725349,1.121844769,3.065963984,4.548336029,4.730381012,2.239718437,2.067400455,11.68013859,1.21177125,2.326722622,7.643778323999999,9.682490349,3.451381683,8.110700607,3.445964575,4.397273064,7.239377022
9.038945198,7.287610054,7.350476742000001,12.43713188,10.25356293,2.005629063,7.483211993999999,9.76027298,9.701458931,1.201479077,2.609978676,5.065234184,2.716831207,2.45933938,1.977793336,12.09482098,1.276384592,2.903633118,5.2835187910000005,8.744704247,2.287787676,8.056891441,2.332758188,4.781580925,7.856637001
7.569999217999999,6.546562672,6.296712399,12.58085823,5.702973366,1.871068001,10.20574188,4.176856995,9.828279495,1.235462904,2.309580326,3.3497440810000003,4.142502785,2.67023921,1.960445881,10.77701378,1.126712322,3.013702869,7.291383743,10.12032127,1.904926181,8.220005035,1.7722786659999998,5.075329781000001,8.067911148
7.9649472239999985,5.432771683,5.258619308,11.71965694,9.279762267999999,2.094614029,8.638706207,8.258465767,8.857938766,1.457275271,2.516882896,2.325716496,2.015879631,2.560836554,1.700577259,11.64196205,1.1420443059999998,2.136501789,4.339551926,9.209344864,1.978156447,8.300645828,3.2586882110000004,4.422322273,6.767316817999999
8.796583176,5.104795933,8.570855141000001,13.83372116,10.77974319,1.603037715,7.387572765,2.032580376,10.07826233,1.331110716,2.5517666340000003,3.867520571,5.891493797000001,1.622469425,1.694905519,11.18701363,1.56181097,4.075799465,9.027734756000001,10.78420448,1.899432421,8.101531029,1.538187027,2.635725975,9.138506889
7.343293667,6.532532692,7.724107742,13.15691376,1.534269333,1.6398993730000002,8.356211662,2.623570919,10.95872402,1.493261814,3.232821941,1.408434629,3.002037048,2.59809494,1.455183268,11.0873127,1.293087006,1.884624481,8.256402016000001,9.549231529,2.694549084,8.724488258,1.997319221,2.740149736,8.837550163
9.278716087000001,5.674135207999999,7.011164665,13.21854496,7.858795166,1.590700388,7.69913578,5.4673242570000005,9.151720047000001,1.254676342,2.492279291,3.869537354,5.730560303,2.922520876,1.7627705340000002,10.81900215,1.535102725,3.182007313,8.81406498,9.864810944,4.141446114,7.764511108,1.982776642,3.25418973,8.158298492
8.078008652000001,5.890660763,7.12842083,12.55064201,7.492525101,2.488779068,8.432693481,6.721243857999999,7.887081146,1.3810083869999998,2.586034775,3.1380548480000003,4.5925316810000005,2.696625233,2.57263875,11.43619537,1.413339376,3.720921516,7.137595654,10.14888382,3.376119614,7.66985321,2.802035093,4.3139572139999975,7.837016582
7.067853928,5.682048797999999,8.274515152000001,11.16941833,6.53441143,1.66219902,9.154224396,6.815172195,10.68740177,1.4732526540000002,1.838511348,2.263639212,1.936495662,2.446374893,1.391012549,12.10705566,1.5809557440000002,1.883680105,5.9417309760000006,9.463665962,2.127964735,8.058088303,1.5257264380000002,4.22222805,7.551110267999999
7.77959919,5.928632259,10.15667725,11.39418221,9.24627018,1.442513943,8.546531677,9.539997101,9.06063652,1.16172111,2.943371773,2.687722921,3.193647861,2.434299469,1.908072472,11.41720581,1.268480897,3.174062252,7.559353828,9.415025711,4.009697914,8.350922585,2.455651522,3.500900984,5.847096443
6.282672882000001,5.418548107,5.811747551,12.4954195,10.43371773,2.660313606,8.214594841,6.181406021,8.690660477,1.13328433,2.45072937,2.329758883,2.974581718,2.777169466,2.593668699,9.722390175,1.364485979,2.269590616,7.30917263,9.668465614,1.935952663,8.100006104,1.7960784440000002,4.700927734,7.449260712
5.847731112999999,5.556727886,3.780704975,11.75125122,7.144545077999999,1.800335884,8.356832504,5.610433577999999,9.229888916,1.601747274,2.481294632,2.250133038,2.695761681,3.17808032,1.997289419,9.840902328,1.482931495,2.811920643,6.612817764,10.57993603,2.392000914,8.199761391000001,2.585092545,4.2583422660000005,6.500454903
10.37255669,5.612968922,8.782056808,11.43144131,4.853853703,1.915112138,9.61281395,7.412689686,8.053174972999999,1.151885748,2.499434471,4.029139519,3.000987053,3.879370928,2.242807388,12.5738821,1.296914339,2.92222023,5.842737675,8.54826355,2.337172508,9.480243683,3.533669233,3.973354578,6.568227768
7.268368721,3.842616558,9.220233917,12.90977955,9.505203247,1.743465781,7.9478225710000014,8.551937103,8.895418167,1.433783531,2.424108744,3.568113804,3.13969183,2.122083187,2.178402901,10.41587257,1.899500012,3.0193188189999995,6.346211433,9.11415863,2.318294525,7.349115372000001,2.724909544,3.3001592160000004,6.794651985
5.8988699910000015,5.126204014,4.985637188,11.26195049,9.621918678,1.675213456,9.203029633,6.605185509,7.513824463,1.118508935,1.763119221,2.582783937,3.2147870060000003,2.896268129,2.575310707,11.2597456,1.56449306,2.021796942,5.221541405,10.93156242,2.157487154,8.237565994,3.006006718,3.86259222,7.415431022999999
7.940856457000001,5.394376277999999,7.045904636,11.16574955,9.733556747,1.574426532,9.036704063,7.615840435,9.264808655,1.30188036,2.138529539,2.827152252,1.929318905,2.593260527,1.552687645,12.47398949,1.435626745,2.5651896,4.032243729,9.545128822,1.744756222,8.742841721,1.608281612,3.799542189,7.77391243
7.0593123439999985,6.022256851,4.16824007,13.65779114,2.156659126,1.6899554730000002,9.099573135,7.123816967000001,10.2754097,1.316839218,2.493279457,4.39354229,2.046570539,2.464223385,2.024026632,11.48535919,1.6442632680000002,2.612668037,5.644554137999999,9.884531021,3.018051386,7.14984417,1.798360109,4.574465275,7.996383667000001
7.271772861,4.501905441,5.290470123,10.45974827,4.997705936,1.845088959,9.641375542,6.514950752000001,9.13796711,1.228610992,2.718374729,3.19943881,2.703896046,3.955090761,1.7729885580000002,13.0531683,1.401508451,2.570016861,5.554233551,8.689790726,2.381368399,9.183093071,3.599403381,4.974287033,7.974338531
8.184314728,5.93848753,6.868527412000001,11.71523952,4.602377415,1.870891571,7.684249877999999,8.421574592999999,8.903162003,1.189356923,2.340019226,7.112255096,4.286461353,2.3997735980000003,2.259586096,11.38076401,1.452955961,3.585887909,6.563276291,9.662654877000001,3.109781742,7.757012367000001,2.91227603,3.239424944,8.763157845
7.43515873,5.088237286,8.623239517,12.40089607,11.44695091,1.739708066,7.659023762,7.204007149,10.87570953,1.401227951,2.49230814,2.271556139,4.607230186000001,2.380580664,2.046657801,10.61359406,1.3867108819999998,3.746032953,7.417617797999999,10.00496483,3.646024704,7.572497368,2.7432103160000003,2.493477345,7.661447525
7.360519886,6.13087225,10.08655357,10.2286768,6.164429188,1.65094924,7.718658447,7.255660057,9.138997078,1.4686598780000002,2.747241259,1.842908502,2.300100565,3.393570185,1.849906683,10.95532227,1.48262012,3.636264801,6.231883526,8.204614638999999,2.49288249,7.181574821,2.032653809,2.931595802,7.3049058910000015
7.850932121,5.233482361,6.068785667,12.94907856,8.922452927,1.583420515,7.446166038999999,6.288097858,8.912317276,1.280054331,3.058374643,2.145608425,1.914177895,2.245520592,2.007953882,10.6598196,1.3852802519999998,2.8023839,6.431382179,8.859498024,2.565436602,7.940097809,2.517130613,4.525579929,7.844590187
6.540593624,5.6062011720000005,6.618344307,13.0794239,2.297751904,1.549581289,8.130112647999999,6.020346165,9.919258118,1.30877471,3.605667114,2.007483959,2.985627413,3.180733204,1.609350324,10.16602135,1.4131182430000002,2.795642614,7.678114413999999,10.76364708,2.562033892,8.174530029,1.229768276,2.643713474,8.004805565
6.429975033,6.145460606,7.607481002999999,12.93723011,11.53339577,1.440772533,8.324692726,7.196802616,9.68318367,1.329720497,2.716433287,4.91664505,4.812942028,2.805855036,1.524457335,10.14279842,1.269770145,3.370725632,7.413971901,9.266745567000001,3.222374439,7.655321121,1.855955005,3.323206663,8.089186668
3.72807622,3.991334915,6.798876762000001,13.37355042,7.18495369,2.088709831,8.567005157,1.88177681,11.2031765,1.659128189,1.810709953,3.5528559680000003,2.280344009,2.7018888,2.552052736,9.054730415,1.57809782,4.43844986,9.456364632,11.1056385,3.520258665,8.613861084,1.446483731,2.365784645,8.016631126
7.372941971,5.322011471000001,8.26858902,13.41427898,10.42468071,1.784081101,8.584085464,4.2256746289999985,9.68312645,1.180563927,1.693014145,4.075582027,5.125983715,2.5248172280000003,1.887287378,11.94301701,1.109946251,2.514054298,9.206598282,10.28650475,4.276118755,8.22121048,3.898578405,2.751888037,7.00975275
7.892544746,7.428530693,7.870849608999999,13.65074253,1.7425098419999998,1.583420515,8.917842865,1.623044014,10.4758873,1.747224927,2.181526184,2.833773613,7.552715778,2.84363389,1.673233032,10.9766655,1.445675135,3.683120966,10.6266861,11.67561531,5.898919106,8.140524864,2.071128368,2.070629358,8.92100811
7.92638588,5.664616108,9.007458687,10.91275787,6.85252285,1.810349464,8.355254172999999,5.435634136,8.740771294,1.309169292,2.251742601,1.361330986,1.427155018,2.6671171190000003,1.556665063,11.45732021,1.407615662,3.013602495,7.401964187999999,11.32372761,2.09125948,8.076887131,1.917037725,4.388395309,8.842710495
6.836328506,5.833222866,10.67381668,11.52212143,10.53361797,1.538929224,8.127223015,7.400774479,11.13780975,1.762401223,3.306874275,1.991803288,3.475577354,2.6687717440000003,2.0512828830000003,10.03425789,2.021263123,4.1633982660000015,6.391657829,9.894830704,2.454021215,7.206863403,2.057487488,4.037958145,6.5126791
6.432001114,6.6258420939999985,7.796162128,13.31936741,5.639464855,1.464830637,8.901735306,7.194411755,9.789787292,1.306462526,1.7951643469999998,2.791293859,5.738276005,2.917579889,1.7553924319999998,10.11441803,1.197220087,3.30605197,8.08965683,9.76307106,2.736486197,7.261415005,1.485028267,3.977832794,8.742170333999999
7.549588203,6.002923012,6.310842514,12.87978745,11.75778484,1.745190978,7.798398017999999,6.028437614,8.959789276,1.38495636,3.117910385,2.659986258,2.928670168,1.814662218,1.494181037,10.33884621,1.573351383,4.192543983,6.427137852,9.812379837,3.106945515,8.289162636,1.7687363619999998,3.228110552,6.032972813
8.259002686,6.414830208,2.970564365,11.69970417,2.976239681,1.60327816,9.018066406,6.568245411,8.308089256,1.617439985,2.078609943,5.511640549,2.197430134,3.20898366,2.335929871,11.37003326,1.452060938,1.613734365,4.217280388,8.885849953,1.923485756,9.119229317,3.204534292,3.558367252,7.118282317999999
7.567432404,4.117032528,9.139464378,9.822231293,2.6672973630000003,2.116498709,8.706803322,7.748493195,10.54898643,1.392631531,1.961688638,2.605428457,1.826602817,2.825882912,1.830392957,10.68210506,1.3786215780000002,5.196626663,5.618041992,10.2218008,2.293039322,8.188871384,2.8660023210000003,3.616780996,6.082442284
4.52957201,4.085947514,7.247645378,13.21871376,8.376771927,1.589458346,7.56137991,3.037037373,9.346130371000001,1.439348221,2.108916283,1.8793571,4.404785633,1.9474231,2.96168232,11.07652664,1.393131495,1.7657777069999998,8.06686306,9.853824615,2.857197762,7.755285262999999,1.653996229,2.049655914,7.845578671
5.254903793,6.457393169,6.393597126,11.15763187,5.705345631,2.60266757,6.9124088289999985,5.645251751,9.297258377,1.330362082,2.442824841,3.0943582060000003,3.083392382,2.456071377,1.997993231,9.772930145,1.437780499,4.858189106,7.5079412460000015,10.22743988,2.815952778,7.635070801,2.294597149,2.385741234,9.015841484
6.551724911,7.358588696,6.924564837999999,11.17864418,9.921422005,2.237726212,6.953522205,6.180781841,9.245046616,1.521026969,1.861582398,2.859285116,1.6943215130000002,2.713662863,1.704924345,8.988298416000001,1.46857655,3.397922039,6.473514557000001,9.519590378,2.702623367,7.665997028,2.159868002,4.037903786,8.020690918
5.728406906,6.132078171,4.584483624,13.34698009,11.02559566,1.430252671,9.408382416,5.001258373,10.92936897,1.4126367569999998,3.285345078,2.468763351,5.708767891,2.329901934,1.4527401919999998,9.883192062,1.535382152,2.44397974,9.046060562000001,10.86679077,2.821044683,7.816987514,2.412059307,4.721355915,7.984817505
5.557153702000001,5.0954976080000005,6.208529949,11.67779064,7.461181641,1.967308044,7.421947956,6.310237408,9.044383049,1.356585026,2.073125839,2.942953587,2.505796194,2.331257105,1.3749339580000002,9.61165905,1.067960143,2.6859598160000004,7.040164947999999,10.46536064,3.2142658230000003,7.94239521,2.838121891,3.54005146,6.673775673
5.754645348,4.4108161930000005,6.242248535,11.98747158,9.742238998,1.5241742130000002,7.300601006,7.109229565,9.504039764,1.611892939,1.500183105,5.086262703,3.234148264,2.959831953,1.584412813,9.500929832,1.6728214030000002,4.24649477,7.12599802,8.947695732,3.322372198,7.992085457000001,1.827207446,2.594385386,8.376274109
9.783599854,3.645027161,1.5385441780000002,12.93847179,8.282124519,2.177844524,9.182531357,2.06120491,8.355758667,1.3921089169999998,2.0663228030000003,1.458091974,1.87883544,2.085798264,1.586667299,13.35473824,1.705322504,2.015794754,7.119315624,10.02304554,1.7544491290000002,10.11458492,3.34880352,5.185296059,9.804971695
5.796470642,6.78315115,2.772414684,12.1576519,9.183597565,1.580918312,8.522459984,6.347723007000001,8.444126128999999,1.384031296,2.504321098,2.888347149,1.923609853,2.381285191,1.25306046,10.72541046,1.474479556,4.592883587,6.986077309,9.488921165,1.849004507,8.551538467,2.741151094,5.240581036,7.289221764
6.585685252999999,5.85687685,9.560204506,11.40460014,6.577040195,1.551721573,8.072654724,8.464389801,8.861600876,1.215859652,3.235383511,5.222090721,3.776297331,2.598067522,2.468518734,11.22026157,1.533564925,4.002738476,6.835739612999999,10.80761147,2.859263182,8.17460537,3.126431465,3.20742178,7.132360458
8.356191635,5.454443455,7.06230402,10.86678886,9.228989601,1.580625296,10.48818302,6.6165680889999985,9.604858398,1.452940941,3.3869214060000004,2.007932425,2.569406986,3.31145215,1.215634584,12.37016487,1.36349225,3.036360264,5.311452388999999,8.643098831,2.212967873,8.026375771,3.184526443,3.579558134,6.481572151
7.531283379,5.314074038999999,7.097400665,12.05868244,11.76785851,1.7196908,8.646752357,6.428938866,9.793254852,1.325253248,2.700786829,2.350997925,2.075956345,2.584741831,1.818957329,11.11346817,1.059980154,3.049568176,5.539447784,9.197704315,2.298644304,8.417786598,1.503032327,2.885370255,5.231690884
5.926944732999999,5.53912878,8.642976761,12.17194462,10.42561913,1.571961641,8.932164192,6.97564888,8.420688628999999,1.5170862669999998,1.620212555,3.057723522,3.242332935,2.944808722,2.578662395,10.98378754,1.699667335,3.813355923,6.427394867,10.33725548,1.897745371,7.321303368,1.4341411590000002,2.6528368,6.858977317999999
7.820057392000001,5.8579969410000015,8.086743355,12.33564377,10.03765297,1.991234064,8.613525391,7.556987762,9.700195313,1.3513224119999998,2.202842712,1.895205498,2.394947052,3.073889017,1.335550547,11.46021652,1.4946317669999998,2.6021378040000003,6.539731979,9.613165855,3.629288197,8.187861443,3.539308071,4.545517445,6.659841537
5.870271683,3.886892796,5.719831467000001,9.450153351,5.617983818,2.218339443,9.659878731000001,8.978023529,9.796616554,1.7899243830000002,2.979400635,3.0201311110000004,1.6037848,3.097999811,1.471186638,10.36667824,1.415258169,2.351077318,2.979400635,9.265589713999999,1.973633766,9.129157066,2.733988285,4.188441277,6.673765182
7.507591724,4.579952717,2.397834778,11.95708656,1.821079254,1.737025976,7.764059067000001,1.779092789,7.853657722,1.451988935,1.627191544,3.38711381,1.58507514,2.417521715,1.696232796,10.49471283,1.300017118,2.037126541,6.248500824,10.0338068,2.52067852,9.030744553,3.355907202,2.847530365,5.697914124
5.833369255,5.691618919,6.125150204,13.94168091,12.80137825,1.56086731,7.955689907000001,5.852280617000001,11.05023384,1.302741766,3.355164528,2.8645188810000004,5.961544991,2.74297905,2.732260227,9.608823776,1.16257596,3.479950905,8.432199478,11.11091614,3.573559523,8.007838249,2.934129715,3.242885828,7.908133507
7.601427555,4.269253731,5.586907864,13.31374931,9.424217224,1.466475964,7.947490692000001,6.295442104,11.21881485,1.403950214,2.7320933339999995,3.234115362,5.900194168,2.8948144910000004,2.113170147,11.50766945,1.509204745,3.452475548,8.846595764,10.20394993,5.09431076,7.599479197999999,2.460849285,2.647778988,6.900191307
6.507242203,5.638468742000001,2.329264164,13.5815773,10.08872986,1.321307182,7.6302223210000015,7.099232674,9.461293221,1.195610642,3.08881855,2.631366968,5.826848507,2.841150045,1.5473134519999998,9.992135048,1.246186972,3.665092945,8.277937889,11.4159832,3.374914646,7.248715878,2.181773424,2.07371068,7.26351738
5.783056736,6.1481561660000015,8.687417984,13.75415993,11.29549026,1.243842483,8.70729351,5.771390915,11.21257973,1.151605606,3.117480278,1.388156176,5.1115360260000005,2.731205225,1.977438927,9.628276825,1.29534924,4.522471428,7.423571587,11.28143787,2.721870422,7.348779202,3.580685377,3.461872578,7.369428158
5.82021904,6.272416592000001,2.992408037,13.85295773,10.25779057,1.763483167,9.004396439,2.569096804,10.95216942,1.187028527,2.761211634,1.6674546,6.456519127000001,3.103554487,1.726934195,9.217841148,1.186318636,2.364838362,9.37547493,11.74337769,5.064207077,8.013843536,1.7045955659999998,4.383381844,7.875720977999999
5.439851284,1.965520859,7.953386307000001,12.10150146,3.180224895,2.190407276,9.125541687,2.591752529,8.477071762000001,1.241449118,1.921615839,1.315614939,2.675238371,2.522624969,1.52818346,11.31557465,1.383880615,2.593757868,2.276108742,8.677352905,1.575231791,10.31750679,2.131311417,4.055470467,3.475073814
6.600353717999999,5.1484460830000005,5.2322525980000005,13.748649599999998,9.686108589,1.533064365,7.848370552,6.557631969,10.53082943,1.181418657,4.922127247,4.898314476,5.980603218,2.546914339,1.853919864,9.653665542999999,1.546323657,3.868143559,8.102880478,10.60553932,3.549996853,7.589228153,3.493648052,2.657012463,8.499503136
3.704757214,5.376717567000001,3.385536671,13.26556396,11.35183716,1.467917442,7.790743827999999,6.474322796,11.19227409,1.712753534,2.534180403,2.111240149,5.119980812,2.219824791,1.4736764430000002,8.459301949,1.228727698,4.598855019,7.805024147,11.86632729,3.704546213,7.676086426,3.883808374,2.761805534,7.921331406
2.960638523,5.59579134,2.703969479,13.78372192,9.292227745,1.709370255,7.585647582999999,6.015860557999999,11.47421837,1.857849598,3.186854124,3.221274853,6.272682667000001,3.12893486,1.7087554930000002,8.425029755,1.364639044,3.04899025,8.886722565,11.64428902,4.623196602,6.904273987000001,2.846603155,3.101305962,6.956580162000001
1.035688877,1.086470604,1.167826533,7.532313824,6.678679466,1.238852739,5.247653484,0.990103185,7.0184655189999985,0.756465912,1.494301319,0.863313198,0.7534918190000001,1.279197454,1.0532908440000002,5.701003551,0.6877626179999999,0.949349344,1.170097589,6.465717316,0.86773777,6.259597778,1.6714615819999998,1.612616897,2.191607475
0.8724217409999999,1.086470604,0.8651317359999999,7.363975047999999,7.23210001,0.699330091,5.1801333430000005,0.7693359259999999,5.270493984,0.736063719,1.173887372,0.8309953809999999,1.056870222,1.511478186,1.432780504,4.514049053,1.20551908,0.982328773,2.65339613,6.69788599,1.506802797,5.101714611,1.953122377,1.201650381,1.086209297
1.28195715,1.335863352,0.892072678,9.527182579,4.573839663999999,0.671015561,4.864236832,0.703742623,6.162348747,0.8492544890000001,1.414606333,0.725738406,1.374925613,2.057687998,1.217187405,5.428553581,0.871137798,0.96127063,3.792182922,5.907007694,1.220086455,4.668614863999999,1.173887253,1.3699507709999998,1.504946947
1.771195889,1.015695333,0.841042042,8.201162338,6.673144817000001,0.922844172,5.8829479220000005,0.6914354559999999,5.452841759,0.597236156,1.271485329,0.6853476759999999,1.060777426,1.276715994,0.741479039,7.268814087000001,0.745974302,0.841642201,3.579613209,4.364773273,1.0355226990000002,6.182560921,1.281510711,2.19631815,1.824185848
0.863313198,1.12254262,1.414228201,9.034414291000001,7.95778513,1.340811729,4.902686119,0.888303638,6.007529259,0.794362605,1.554998755,0.8379900459999999,0.781155765,2.444475651,1.02914834,4.570957184,0.821319163,1.115101814,2.8072268960000004,5.251299381,0.947398484,5.48743248,1.06305635,2.184566021,1.4163492919999998
1.06305635,1.214453936,0.7868692279999999,6.016741276,3.014144421,0.954700947,2.310358524,1.3659374709999998,1.356614113,0.657858968,1.253609419,0.527974129,1.478198767,1.481161833,1.766284585,1.630297422,0.8389913440000001,0.745448232,1.59784627,2.296636105,0.487799287,8.274585724,0.778262377,1.934191465,2.716092348
1.428062081,1.432345629,0.852897525,8.346552849,7.127561569,1.112805367,2.08567977,0.976657629,7.157962322,0.878259659,1.7287285330000002,0.380521595,1.33706212,1.552448511,1.704978466,6.132853507999999,0.832805157,0.5481003520000001,1.238852739,5.130716324,0.924458861,5.480443478,1.34975791,1.4306344990000002,3.829838276
0.901717544,0.73260653,0.863313198,9.249393462999999,9.249706267999999,0.970850587,4.783996105,1.395030737,3.701295853,0.67276752,1.112444401,0.6489492060000001,0.843425214,1.493582249,1.37131834,4.785107136000001,1.144187927,1.293146849,2.145859718,5.346388817,1.05542016,6.145010948,1.18869853,1.596800089,3.149218559
1.206443787,1.203050375,0.83203578,8.61624527,9.347967148,1.1493079659999998,6.174462795,1.10912323,4.203784466,0.643935978,1.438510776,0.920776367,1.225087881,1.6341183190000002,0.982238531,4.528719902,1.214842796,0.977648675,1.06305635,3.66263175,0.8478007320000001,6.484241486,0.874148011,1.775759459,1.562997222
1.107295275,1.078481555,0.8060667509999999,9.640371323,7.463381767,0.950350344,5.254264832,0.8456873890000001,5.4768438339999985,0.618695319,1.344947577,0.8218584059999999,1.5545642380000002,1.916165948,1.432236671,6.006237507000001,0.822493613,1.423363924,2.87737608,4.841355323999999,0.756465912,5.7695984839999985,1.747996211,2.582658291,1.758500814
0.7510616179999999,1.224066973,0.9006494279999999,9.678990364,8.091682433999999,0.926867485,5.390892029,0.865089357,6.107714176,0.82913065,1.266889215,0.6161051989999999,0.769855857,1.377508402,1.03977561,5.217965126,0.886217713,0.981885672,1.084054947,5.177474976,1.06305635,5.967087746,1.169898748,1.687698841,1.313287258
0.8547768,1.180005789,0.714206517,4.86705637,5.8841080670000006,1.048203468,2.614864588,0.850710273,1.934591532,0.629344165,1.15434432,0.668073416,0.992268324,1.768375754,1.300314903,3.595414639,0.85477674,1.323576927,1.1747272009999998,2.046331406,1.046883821,8.126654625,1.18869853,3.161225796,2.8609857560000003
1.434103251,4.82642746,2.351143122,11.40096569,10.9315424,0.895133615,6.374695778,3.831572294,9.991230965,0.5639894010000001,0.886150241,0.802758098,1.0902493,1.4522097109999998,1.18354702,8.699278831,0.963525295,1.314442873,2.672030926,8.902209282000001,0.0,6.0827498439999985,1.5277704,1.090262532,3.037875891
0.976196408,2.130441427,3.244989395,13.07055855,10.55299568,1.368194818,6.045659065,1.938038588,8.809254646,0.880038798,0.972025216,0.418031454,1.730270624,0.831812263,0.949438095,7.469913482999999,0.991884649,1.314442873,6.929615974,9.524045944,0.0,7.235005378999999,1.5826519730000002,1.313023806,1.381237984
1.52010119,5.010033131,1.5021810530000002,12.76194382,6.886541843,1.081412554,5.496763229,1.315790176,11.32566357,0.69732374,1.362609506,1.003583431,1.368194818,1.269297481,0.79062134,7.757829189,1.35018301,0.62173444,7.102482796,9.068082809,0.0,7.221339226,3.690654755,1.7278233769999998,3.426318645
3.680132389,5.54419136,1.116122603,12.77127266,11.7246418,1.272413611,5.872098446,2.114645004,11.22457886,0.853235126,1.362609506,0.830829203,1.083114028,0.8031955959999999,0.805604935,7.420768261,1.087841034,0.931938052,6.055297852000001,9.132820129,0.0,7.18660593,1.862817287,1.862817287,2.658945084
2.004297256,2.667605162,1.791337252,12.38108444,9.73335743,0.946700811,5.021317482,1.240296602,10.22850227,0.750794172,1.005473137,0.841088235,1.878061652,1.305614948,0.968926609,8.667333603,0.991068065,4.738226891,6.3008122439999985,9.500208855,0.0,7.690433025,1.16498518,1.106092453,1.608812094
1.021757603,3.382134914,1.906147718,12.31761837,10.01498508,0.981507003,5.948599815,2.123839617,9.287269592000001,0.7704052929999999,1.5737678999999998,0.679112077,1.6215457919999998,0.882609665,0.961656511,7.294882773999999,0.7320769429999999,1.31707418,7.086561203,8.981947899,0.0,7.160406113,1.901064992,1.949309111,3.547400475
0.643464088,1.024425864,2.150157928,12.7883482,7.89650774,1.213990927,2.430094719,1.03699553,8.50431633,0.980084062,1.851379156,0.827015042,1.124716282,1.368194818,1.049483538,6.263662815,0.991884649,1.3473701480000002,8.035744667000001,9.516832352,0.0,8.116256714,0.8866841790000001,3.358014822,1.5206534859999998
0.766500711,1.31980896,1.6814324859999998,11.03235149,2.001572132,1.723139286,1.7614545819999998,1.054302692,9.595454216,0.742354155,2.359301329,0.7176623940000001,1.015461445,1.009896398,1.185595274,7.463871956,0.94632709,0.706053138,7.050059795,9.086372375,0.0,6.891024112999999,1.979738951,1.843180418,1.4179992680000002
1.253638983,4.513783455,1.3406701090000002,13.28423786,7.641721725,1.652261257,5.507067204,1.250576496,10.35662365,0.6472144129999999,1.6792876719999998,0.515039325,2.413718224,1.231115699,0.947305381,7.785074234,0.991884649,1.017882109,8.53512764,9.747380257,0.0,6.6835083960000015,2.078582764,2.4077231880000003,2.519406319
1.088916898,6.30198431,2.947922707,13.34317112,9.088902473,1.037618041,5.3843064310000015,0.986888945,10.73901176,0.779844463,1.362609506,0.526488423,2.0109922890000003,1.23386693,0.623585701,6.961899281,0.654906869,1.210500956,6.755393027999999,10.36932659,0.0,7.283832072999999,1.147664785,2.075141907,4.103634357
0.8567300440000001,3.172602177,1.264629126,13.78613186,9.121896743999999,1.215972424,4.841933727,1.126631737,10.40218353,0.841088235,1.247507811,1.089123487,1.015074253,1.51657033,0.880004287,7.306995869,1.214696527,2.186368227,5.173905849,9.234606742999999,0.0,7.329054356,0.946839809,1.787065744,2.0820066930000003
1.013832808,4.526269436000001,1.617401719,12.72663498,12.98367119,1.3684659,4.18504715,1.759544015,9.797102928,0.939352512,1.255728006,0.7364554409999999,0.946042538,0.8600196240000001,0.6862410309999999,6.395794867999999,0.845126629,4.874498367,2.477813721,9.775365829,0.0,6.255997657999999,1.216475487,1.5851318840000002,1.404883862
1.017011642,1.931939125,2.37055397,12.67406178,10.44919777,0.8696269990000001,5.697455883,1.287289858,10.74574852,0.648683786,1.178080082,1.076031685,1.072994471,0.941435814,0.806380212,4.370603085,0.82293427,4.369027138,5.780557156,9.912473679,0.0,8.148590087999999,1.34539938,1.817496419,0.905603528
0.872832775,2.077458382,2.151833296,13.04877949,8.53203392,0.979439914,2.396208763,1.526932001,9.92251873,0.754499853,1.305958867,0.665916681,2.7871284480000003,0.863142252,1.083690047,6.044754505,1.202436209,1.049488187,9.37685585,10.37819958,0.0,7.459027767,0.920102835,1.08893609,3.789195538
1.391195536,2.125538349,1.1868387459999998,12.66361141,10.69287491,1.224449635,3.713172913,1.345336914,11.80260658,0.790800869,1.39447546,0.790800869,1.05380547,0.7713392379999999,1.031782866,6.681751727999999,1.249676466,1.185440183,3.786465406,9.279391289,0.0,5.848248482000001,1.196160555,1.812052965,1.983965158
0.8385093809999999,2.680115461,2.510119677,12.87561512,8.199179649,0.960554719,3.756186962,1.491491556,10.19491291,0.800056219,1.268577099,0.790800869,2.01383543,0.869851232,0.949087083,7.109757423,0.915443897,0.609946966,7.649134159,9.947325706,0.0,6.0779047010000005,1.013121247,2.443358898,2.992587805
1.972189665,3.873733521,1.584129333,12.39116764,10.47708511,1.475747347,4.575359344,3.50951004,9.431667328,0.637781501,1.321051955,0.530087709,2.076768637,1.34700489,1.107889414,7.844086647,1.013501644,0.8867980240000001,7.590940475,9.4382267,0.0,6.375976562999999,1.796001434,3.084029675,1.226557016
7.076604842999999,1.808247328,1.2135005,12.95282555,9.251790047,1.009767175,5.787658215,2.238151073,10.17146587,0.830829203,1.354474187,0.725960851,1.78968215,1.5468251709999998,0.755089462,9.220030785,0.966234684,2.143790722,6.52133131,10.02734852,0.0,6.834465504,2.221628666,2.092222214,2.14370203
1.136008263,3.52140975,1.012817383,11.93637848,11.90368748,1.507442355,5.739387989,1.551153183,10.75195217,0.738618016,1.03155899,0.941196918,0.829856038,1.107889414,0.941444933,9.340543747,0.675278068,0.623396635,3.734499216,8.990728378,0.0,7.018090247999999,2.525931358,1.960923672,3.291531324
1.450595856,3.690234661,1.1457057,12.62811852,12.68778801,1.446711779,5.841541767000001,4.878237724,11.95195103,0.911711872,1.409557462,1.027189016,2.590909004,0.878108859,0.807417631,7.935556412,0.7988140579999999,1.622605324,5.888465405,10.36032486,0.0,6.132607937,1.597694278,1.597366214,3.154094219
1.958225489,4.261946678,3.159833431,12.59158325,8.712697983,1.123596907,5.983794689,1.5228054519999998,11.14046192,0.823960543,1.211413383,1.272413611,1.212377906,0.842142582,0.670465231,7.322937965,0.912402749,1.863896132,6.290483475,9.387481689,0.0,6.918446541000002,1.6296813490000002,1.4326512809999998,1.990225911
0.806548059,4.346405029,1.116966248,11.96277046,10.60162926,1.50534606,4.621544838,1.956751347,10.70415878,1.064422369,1.345817566,0.632118344,2.090126276,1.134674191,0.893613815,7.127811909,0.8314471240000001,1.314442873,7.004236698,10.40022945,0.0,5.966520786,2.279695511,2.502430439,2.200872421
5.6100564,1.893662453,6.909031868,10.77148056,10.71952438,1.288826704,6.122672558,1.41139698,10.92873287,0.583952427,0.8816270829999999,0.568399668,1.002310157,0.98509872,1.028594613,9.099232674,1.0687303540000002,1.309486032,2.594829082,8.788402557000001,0.0,8.218319893,1.4981355669999998,2.998788595,1.431185484
2.913168907,5.868091582999999,5.62690258,13.40429783,7.997808456,1.809351325,7.749126434,1.719381094,10.27098465,1.088608027,1.436961889,0.8740503190000001,2.77482295,1.198554754,1.0910398959999998,8.505698204,1.077766418,1.280126572,7.250920296,10.37127399,0.0,5.623203754,1.267567635,1.677824736,3.802344799
8.964568137999999,4.932684898,3.547459841,10.30447006,5.575486183,1.267775297,8.757476807,4.45149374,10.42121124,0.636356235,1.354474187,0.966238379,1.333849788,2.537535191,0.880004287,12.18740463,1.4768743519999998,1.95868957,2.194342852,8.036665916,0.0,7.1855154039999976,1.792415977,2.558679104,3.1973438260000004
5.006558418,4.763557434,5.646834373,9.651091576,7.887465954,1.166817665,7.205031395,2.646188259,7.896981239,0.8608736990000001,1.939123631,1.16082406,1.437956095,1.509537935,0.949087083,9.592220306,1.0714252,0.998867929,2.134020805,8.760826111,0.0,6.45367384,1.4342567919999998,1.889772773,2.5160241130000003
3.384502649,5.88719368,5.771641254,9.904288292,7.725203513999999,1.191670299,6.94312048,3.495137215,8.30215168,0.817634106,1.873553991,0.956447482,1.083114028,1.854216933,1.257569075,8.765289307,0.94632709,1.082466483,3.546010494,8.820379257,0.0,5.8288235660000005,1.6317433119999998,2.085706949,2.530020952
3.328283787,4.818907738,2.361946583,12.97638035,12.27803802,1.310230017,5.881450176,3.908236742,8.675611496,0.674105823,0.990852773,0.90746063,2.055432796,1.2284100059999998,1.00075829,7.521446227999999,0.984642446,2.04982996,6.771107674,10.04690933,0.0,5.978589058,1.40426898,4.337005138,3.841591835
3.923064232,4.421417236,4.972604752,12.99587917,6.7131090160000015,1.190858722,7.968859673,1.7916142940000002,8.64085865,0.780436873,1.940201521,0.79204613,1.118804216,1.290812969,1.036643744,8.258485794,1.193506479,0.97607547,4.756332397,10.76801777,0.0,6.0276341439999985,1.350500464,2.202720642,2.5728182790000003
5.777828217000001,6.057355881,2.138753176,12.29078007,3.37316227,1.317358017,5.861731529,2.238151073,9.322360992,0.787911713,1.170544386,1.053406358,2.365327358,1.099654675,1.352339745,7.96545887,0.991884649,1.257792234,6.701553822,9.918738365,0.0,7.655064106,1.41139698,1.370892763,4.186980247
3.494976997,4.612929343999999,5.978447914,10.7054615,4.911243916,1.178374529,5.287230492,2.4577913280000003,8.57094574,0.86214298,1.42454505,0.7364554409999999,1.047288537,1.004337311,0.7091968059999999,8.493860245,1.063753128,1.647830367,5.893660545,9.12055397,0.0,6.81289053,1.325814366,1.805655122,6.809430122
2.045243979,2.658087015,1.43979454,11.35891628,10.9058857,1.141332626,5.59676075,2.491771698,9.119070053,0.889502585,2.040997982,0.941196918,0.941196918,1.107889414,0.990872443,7.686414719,1.184497595,3.825676203,4.238897324,10.50377655,0.0,5.642818451,1.572918653,2.032147884,1.831212878
1.875258923,3.59479475,3.482685566,12.70332336,7.869324683999999,1.2229774,6.560182095,2.56894803,10.87352943,1.131656885,0.974470019,0.830829203,4.028364182,0.9401685,0.956445098,8.811902046,0.8526565429999999,1.06586194,7.889548302000001,10.87195969,0.0,5.431314945,1.349941254,2.459112644,0.994186997
4.991068363,5.666763306,3.045429468,13.07982826,5.677641392000001,1.41139698,8.391884804,2.860229492,10.18155956,0.784193516,1.680284858,1.284548044,1.5821506980000002,1.812363029,0.958265245,9.194101333999999,1.018582702,0.951132059,6.254261971,10.93003464,0.0,7.353590487999999,1.459503174,2.949647188,2.804926157
5.116009235,5.440977573,2.114542961,12.68215752,0.830266953,1.178779125,7.846564292999999,1.951909781,8.367023468,0.937041163,1.521311164,1.1118927,1.138950109,1.477711082,0.900740087,10.18411064,0.933802903,0.6918767090000001,5.739285946,9.214448929,0.0,6.81242609,1.137659788,2.1326582430000003,4.656049252
1.054884672,6.576581955,1.218215942,13.43160629,1.48946476,1.6108279230000002,5.739095688,1.354634285,9.246666908,0.853235126,1.214161992,0.830829203,0.999092221,1.447562695,1.197370052,7.152991295,1.094733715,1.462818146,7.640649796,10.32249355,0.0,7.341429234,0.816374302,2.177996635,7.899687767
7.169271469,5.369361877,3.835841417,12.32599258,6.42378521,1.257479429,6.6213393210000016,5.586109161,9.640481949,0.6767133470000001,1.362609506,0.959645271,1.515496254,0.949146032,0.967038333,10.19793415,0.90691942,1.386322618,6.14837265,8.580137253,0.0,6.542277812999999,1.608435392,2.171626806,2.799911261
3.366900444,6.979526043,6.886171341,13.433983800000002,5.878200531,1.45868516,6.069206238,2.9509422780000003,12.16679478,0.835409045,0.777893782,0.937884629,1.619751215,0.929697275,0.807341933,7.951815605,0.997844756,1.374818087,6.778909206,10.44224262,0.0,7.066078186,1.786518216,3.162076473,3.014083624
7.410761356,5.192283154,5.8694562910000005,11.91356754,7.150424004,1.166144133,7.24535799,4.011374474,7.456225395,0.7087285520000001,1.791432619,0.682083964,1.739177346,1.215972424,0.993664861,10.4965601,0.825927138,1.672920704,5.085494995,9.706922531,0.0,7.324943066,1.6216346030000002,3.0054197310000004,5.751022816
6.634054661,5.067834854,1.262274265,12.06380177,3.373763561,1.215972424,7.280063629,1.6377745869999998,8.173293114,0.909458339,1.587372541,0.8101618890000001,0.8096970920000001,0.932661653,1.5039803980000002,9.156272888,1.138143301,1.612164259,6.256271362000001,9.914139748,0.0,6.56467104,1.744939804,2.146618128,2.135383606
3.492421865,3.71179986,1.386418939,12.75031376,9.981820107,1.601952553,6.818920612,3.884422541,10.78317833,0.911396027,0.887552619,0.657665074,2.012934923,1.020294309,0.967038333,8.917272568,0.73298645,1.314442873,6.435852051,10.53543091,0.0,5.561266422,1.404588699,1.965295196,3.316922665
1.313503265,5.484716415,5.563854218,11.10739231,3.432485104,0.873740733,6.297342777000001,4.98110199,8.173433304,0.5851507189999999,0.879454792,0.6439893839999999,0.961461544,1.274927855,1.108793497,7.049539566,1.094806671,0.949779987,5.714502811,10.15746975,0.0,5.944468497999999,0.978388309,2.258901119,4.5810709
4.14546442,5.552871227000001,7.520584106,12.57074356,5.289578438,1.03699553,5.392792225,4.93189621,9.210061073,0.667122126,1.259855032,1.206786752,1.877243876,1.1358969209999998,0.956445098,8.393286705,0.958661139,2.316987038,6.092922211,10.62232018,0.0,5.67764616,0.8709034920000001,2.7553975580000003,5.014683723
3.527592421,5.7252736089999985,7.492254257000001,12.09505177,6.144237518,1.529499054,6.348313808,3.90118289,12.1267786,0.727074325,1.524240375,0.768394947,1.559919715,1.354340792,0.860200286,9.726070404,0.90264678,0.979603291,5.655230045,9.192764282,0.0,6.230510235,2.331007242,2.923332453,2.298573494
5.017374516,1.602868557,6.65433979,10.06599045,10.10986423,1.413597345,6.345062733,3.577991724,10.15018463,1.034339428,1.167475462,0.830829203,0.8151973490000001,0.907231927,1.122306585,10.82983208,1.113512516,1.167989254,3.99504137,9.404367447,0.0,6.823605537000001,1.190809488,1.892437816,3.1547935010000003
2.187268496,5.210412502,2.435334682,12.2762804,9.17302227,1.958805561,6.196647167,2.28167057,10.43589211,0.731781602,1.647622347,0.808934748,1.3933357,1.27045536,1.134121656,7.676281452,0.8876846429999999,1.7879599330000002,6.3825855260000015,9.516731262,0.0,6.816509247000001,1.62082231,2.151276588,5.188516616999999
1.669832468,3.1557531360000004,6.460557937999999,2.191843987,0.980756283,1.1467038390000002,5.352140903,1.1467038390000002,9.478628159,1.046197414,1.527011395,1.009896398,1.24810648,0.928223789,0.985171139,8.975193977,1.007992506,1.34696722,1.057435036,10.20991135,0.0,8.194021225,1.189642429,1.009896398,1.039006233
3.055030107,5.217442513,1.128168583,1.117473602,8.845586777000001,0.989128113,7.870903492,6.441192627,10.39391422,0.989128113,1.149060726,0.881460428,0.989128113,0.949146032,1.674121618,7.182832717999999,1.0687303540000002,1.3710050580000002,0.7234016059999999,10.11515331,0.0,7.952699661,1.754671931,1.44303441,1.551107049
0.8022520540000001,5.012041092,3.728745461,0.8989897370000001,1.276627064,1.170544386,7.14902544,1.170544386,9.108609199999998,0.813003182,2.094914198,1.043695569,1.009130478,0.7421134709999999,1.318708301,6.009147644,1.053277016,0.72293067,1.157601357,10.19345188,0.0,7.388092995,1.135671616,1.463899612,1.086675406
3.231580734,3.034684658,3.506880999,7.602590561,3.859107494,3.30962801,5.655455589,3.289741278,5.073503971,2.770102978,3.749595165,2.958254337,3.257267952,3.367133856,2.718052864,9.280950546,3.014812469,3.248172045,4.14966011,5.9123954770000005,0.0,8.819149971,4.3222522739999985,4.295443535,3.832879782
3.084441662,4.039515495,3.288943768,9.267225266,4.794843197,3.052021265,4.975976467,3.0250496860000005,6.122198582,3.139006138,3.543425322,3.018535137,3.019615173,3.15734458,3.478970051,7.671362877000001,3.227510929,3.156299591,3.727161646,6.566178322000001,0.0,8.075125694,3.865315199,4.490534782,3.284299135
4.608123779,3.969319105,3.968789577,9.756052017,4.123740196,3.623060703,6.331231117000001,3.299260855,6.022003651,2.783468962,3.810519218,2.669542074,3.124412298,3.8683393,3.315974236,8.55676651,3.023050547,3.134711504,4.193119049,6.64138031,0.0,7.980002402999999,3.677856922,4.528446198,5.022747993
2.944100142,3.249492168,3.034100056,3.342415333,3.785574198,4.069940567,7.155766964,3.104321003,3.789443254,3.05338192,3.68349123,2.91698122,2.950762987,3.61080122,2.867312193,9.412183762,3.0949559210000004,2.75564003,3.411445141,4.66066885,0.0,10.94633007,4.286547184,3.842891455,4.195279121
3.664226294,2.961026669,3.578564882,4.922681808,4.65191412,3.354356289,8.605640411,2.7142272000000003,3.926969767,2.693894148,3.761385441,2.701390743,3.206430912,3.810245991,3.678349972,9.580599785,2.730960131,3.053104401,3.167971611,5.759944439,0.0,11.20199871,4.1439065930000005,5.12075901,3.201222897
3.319251537,3.1312172410000003,3.963826656,3.498887539,3.587948084,3.693071842,4.666563034,3.019347668,3.619962215,2.7755713460000004,3.503778219,2.740742207,3.354943752,2.812097788,3.208429337,4.003611565,2.716894388,2.987460613,2.9395403860000004,9.040689468,0.0,10.41292572,3.829694271,6.809173107,3.746570826
5.058153152,3.943419218,5.605214118999998,11.10796928,6.638206959,3.554910183,5.940009117000001,3.049889565,8.230137825,2.609656334,3.434403419,2.791041851,2.878053188,3.621917248,2.976082325,9.077732086000001,2.805308104,2.869141579,5.2719335560000005,7.265080452,0.0,7.060128212,4.516704082,4.416076183,3.91614151
3.557122707,3.172997236,3.4958410260000004,9.623975754,4.46182251,4.048734665,5.18242836,2.9729485510000004,5.648445129,2.724081516,3.955075264,2.631923199,3.125945807,3.5605359080000003,3.006937504,7.56037569,2.771321774,3.121579409,4.103237152,6.504554749,0.0,8.076396942,4.900849818999999,4.700532913,4.292520523
3.753274441,3.3725042339999995,3.552488565,10.3075161,2.783198833,3.318073273,4.577505588999999,2.824014187,5.748400687999999,2.694895029,3.629380226,2.956579208,3.380771637,3.346185446,3.044925451,7.920883656,2.822181225,2.924379587,3.771903515,7.434246063,0.0,7.220642567,3.6002221110000003,4.408406734,3.605042934
3.22939539,2.724772215,3.735062361,9.161957741,3.76324892,3.42367363,6.104743957999999,3.0198462010000005,4.880820751,2.754267693,3.880401373,2.714617014,2.974259377,3.1574370860000003,2.930499315,7.965236187,2.805122137,3.205955267,3.4545216560000003,6.063052177,0.0,9.004977226,3.510697603,4.494376658999999,3.780972719
3.632119894,3.633060217,3.0880615710000003,9.747824669,3.498829365,4.341881275,5.480760097999999,3.096310139,7.018631458,2.9748075010000004,3.531799793,2.850136518,2.926138401,3.218780041,2.825383902,8.553255081,3.137426138,2.949965715,4.181919575,5.32767868,0.0,8.416173935,5.330074787,4.750577927,3.397506714
2.9531135560000004,3.177149057,3.974893093,9.205622672999999,3.549711943,3.360051155,5.591023445,3.253371239,5.929645061,2.793025017,3.924815178,2.785707474,3.394497395,3.270671129,3.156898975,6.279382706,2.884362936,3.235613346,2.8016572,8.641173363,0.0,9.122412682,4.30235672,6.660290241,3.600175858
3.343960285,3.414651394,3.725984573,10.27279568,4.063275814,3.734725475,6.00724268,2.954644918,4.142416954,2.6600654130000003,3.696589947,2.785741091,2.8735752110000004,3.467465639,2.951428175,8.544536591,2.815954208,3.1896383760000004,3.18965745,7.0008602139999985,0.0,10.48021126,4.041845798,5.488032818,3.481867313
3.187071323,2.963408232,4.082297802,8.405713081,3.14312458,3.451515198,5.434352875,2.8136072160000003,3.926244736,2.591781139,3.608939648,2.7053203580000003,2.860772133,2.757190704,2.776520967,5.54283762,2.721606731,3.313309908,3.002536535,6.3577122689999985,0.0,9.206562042,3.938685179,5.003149986,3.2306895260000004
3.3150756360000004,3.086010695,4.602293015,6.011320114,3.5987148280000003,3.402512074,5.503491402000001,3.0341949460000004,4.224808216,2.64547658,4.026619434,2.816721916,3.170207977,3.244480133,3.331915617,8.520356178,2.95354414,2.90551281,3.114170074,7.51557827,0.0,9.31311512,3.705512047,6.985735892999999,3.5771245960000004
3.74980402,3.016805649,5.875489235,8.793121337999999,3.868643761,3.301327705,6.128153324,3.325900555,6.094014167999999,2.970716476,3.2338366510000003,3.2847166060000004,3.281707048,3.105345964,2.886120796,7.864527702,2.97084856,2.7056508060000004,3.713368177,6.335612297000001,0.0,6.784193993,3.906980038,4.741298676,4.158617973
3.919487476,3.538158417,4.2131090160000015,9.303068161,3.654270887,3.5335750580000003,5.5838274960000005,3.069844723,4.841364861000001,2.670221329,4.275782585,2.8882186410000004,2.980235815,3.557959795,2.99046874,8.636593819,2.797780037,3.034754753,3.464851856,6.3088207239999985,0.0,7.57072401,3.493008137,4.252144337,3.659325361
4.195857048,3.764947891,3.6880126,10.09035873,3.324973822,3.49156189,4.787137985,2.769298315,7.009380341,2.877114058,3.40243578,2.851424932,3.232742786,2.852590799,3.021757603,7.843738556,2.805649042,3.23800683,4.135077953,7.109079361,0.0,7.419055939,3.121403694,3.959462643,3.361875534
4.0251455310000015,3.215960503,3.743136883,10.83588505,5.357790947,3.21285367,4.237480164,3.814748287,5.3079962730000005,2.975414753,3.317957878,3.083847523,2.879032135,3.0541679860000004,2.888531923,8.256587982000001,2.735103607,2.84336257,3.551472425,7.282911301,0.0,7.505212307000001,3.115646362,3.610462189,3.302150965
3.869757652,3.678111076,4.889699936,10.94990063,5.598267077999999,3.712777615,5.906260014,3.076470852,6.5604977610000015,2.835847855,3.288537979,2.877206087,2.943026543,2.77794838,2.851927757,7.658931255,2.793241501,3.039174557,4.702363014,7.471024513,0.0,6.7333369260000016,4.1184577939999985,4.1854977610000015,3.584480762
3.464691162,2.825383902,4.585376263000001,9.918341637000001,3.38408041,3.726700306,4.744255066,2.899807692,3.78472352,2.717192173,3.260881424,2.88679862,3.04169035,2.782613039,2.981947899,5.660619259,2.717227459,2.842051506,2.913525105,7.147197723,0.0,9.001992226,3.62950325,5.498435974,3.345761776
3.961390734,3.448735237,3.27265048,10.07475185,10.65968418,3.361022472,5.4081897739999985,3.5735778810000003,7.69185257,2.752521515,3.557183504,2.753638744,3.53765893,3.521988153,3.084252119,7.444470882,2.8919193739999995,3.175051928,8.458936691,7.016810417,0.0,6.893344402,3.843695879,3.952003956,4.377422333
3.655064583,3.257293701,4.87697649,10.34698296,3.724882603,3.666605949,5.741172791,2.921181917,7.0612206460000015,2.705192566,3.608618259,3.147243977,3.187080622,2.834029436,2.76809597,8.364267349,2.964905262,2.833679199,3.48184824,7.081855774,0.0,8.114639282,3.543187618,3.938113451,3.495130301
4.491688251,3.541189671,3.797679901,11.0819149,7.477058887,3.956795931,5.446735859,3.671745777,6.411254883,3.087403297,3.597461462,3.06581831,3.015629768,3.146369219,2.958827496,7.826903343,3.008368492,3.248203993,5.036498547,7.192327499,0.0,7.0562262539999985,4.017776489,4.136948586,4.227285385
4.459713936,3.355767727,3.779658079,10.32958412,5.658041954,3.4633736610000003,5.4468221660000005,3.264582872,6.921532631,2.70063591,3.465985298,2.82312274,3.007775307,3.226068974,3.3458395,8.072788239,2.624205589,2.860918045,3.700463057,7.954356194,0.0,7.176408291,3.480809927,4.160376549,3.371793747
3.419592142,4.011527538,4.12655735,10.19323635,3.629610062,4.135584831,5.492773056,2.835460663,5.315192223,2.817140579,3.684857607,2.80519104,2.94492507,3.232742786,3.169814587,7.24992609,2.818557262,3.066807747,3.51407814,6.140757561,0.0,7.265376568,4.119223595,4.950904846,3.623684406
4.042927742,3.055014849,4.183601379,10.3016777,3.921345234,3.4488153460000004,3.926109076,3.086419106,3.849215508,2.720118999,3.484062433,2.8451240060000003,3.034629822,2.8262584210000004,3.21561265,5.530095577000001,2.852613449,3.188563824,3.003513098,6.880992413,0.0,7.398110867000001,3.031291962,3.986312389,3.458096504
3.327679634,3.245315552,3.270115614,8.669466019,3.60485363,3.628557682,4.447745323,3.0586349960000003,6.875567436,3.240616798,3.196102381,2.9799797530000003,3.505185127,3.121718645,3.071154356,7.84569931,2.894865751,3.283549547,3.50428009,5.427854537999999,0.0,8.011184692,4.510581493,4.044340611,4.09578228
3.190876722,3.388775587,3.876656771,8.082015038,3.862565994,3.731469393,5.562260628,2.9833014010000003,4.049304008,2.628540516,3.726252556,2.889125109,3.198604584,3.075846434,3.259082556,5.647233009,2.627605677,3.002506018,3.173238754,6.580955029,0.0,8.786838531,4.786507607,6.03609705,2.966395378
3.98563242,3.1806616780000003,4.208425522,10.14931107,3.270324707,3.807468414,5.850141047999999,3.078833103,5.448280811,2.965496302,3.709262848,2.76074028,2.814293146,3.065300226,3.060739279,7.179493427000001,2.651157141,3.07089448,3.3613128660000005,7.573395729,0.0,7.484428883,3.736456871,5.028379917,3.515249491
4.12438345,3.256661415,3.905947924,11.49324608,4.934581757,3.576496601,6.934631348,2.788273335,5.457450867,2.810832024,3.735103369,2.772120953,3.210123777,3.465443134,3.177868843,8.507615089,3.079153776,3.389036417,5.340803623,6.556219101,0.0,8.604793549,4.354259014,5.563197136,3.554706812
4.5658268930000006,4.279429436,3.786903858,10.45244312,6.830482483,3.509925604,6.25818491,3.105308533,7.600435257000001,2.7342906000000005,3.418439865,2.800575972,3.037598848,3.685446978,3.036322117,8.064059258,2.7508046630000003,3.417214632,4.925807476,7.717680931,0.0,6.816979408,3.691384315,3.90825367,4.106820107
4.602125645,3.377001762,3.748788118,10.21869183,3.09146595,3.423917294,6.510937214,3.027733088,7.401634692999999,2.893673182,3.829404831,2.817198515,3.125723839,3.146444559,3.160808563,9.061218262,2.94113636,3.0541317460000004,3.052582026,7.6592416760000015,0.0,8.198055267,3.538517952,5.384031296,3.448580742
3.272994041,3.341209173,4.183334351,10.3062706,3.099788666,3.866284609,7.3300290110000015,3.036093473,4.155647278,2.859016418,4.482079506,3.069509983,2.924304008,2.868219852,2.874465942,4.354522228,3.106488705,2.926971197,2.988716602,8.453988075,0.0,9.629663467,3.826839924,5.781635284,3.332182884
3.129783154,3.276915073,3.236926556,8.404828072,3.274245024,3.671437025,9.158053398,3.176389217,4.721518517,2.712783098,3.938537598,2.789699316,3.016663074,3.789667606,3.461116076,5.628552914,2.69393611,3.5823326110000004,3.174445152,7.924313067999999,0.0,11.773983,4.504279137,8.092859268,3.695991755
3.480742455,3.630164385,3.127078533,8.522087097,2.771540165,2.885494947,6.426646233,2.851340532,5.542583466,2.876759052,3.657369375,2.734690428,3.065151691,3.597252607,3.022510767,7.030017376,2.9642884730000003,3.284255505,3.322238922,7.081944466,0.0,7.66186142,3.715409756,3.804262161,3.512853384
3.412431717,3.507526398,3.655504704,10.0917511,3.196492672,3.675902843,7.366192341,2.845656633,5.222503662,2.547715187,3.712321043,2.968343735,3.037482023,3.57293582,3.17509675,8.033923149,3.032463312,3.446238518,3.33602047,7.162281036,0.0,9.221084595,3.667595387,6.323218346,3.502318382
3.939380884,4.076442242,3.1869578360000004,11.45936203,5.647564411,3.772340775,6.27790451,3.092157364,7.338610649,2.789636135,3.595196247,2.79232645,2.960281372,3.138292551,2.7996907230000003,7.695662975,2.967106819,2.929094315,4.439348221,7.2370224,0.0,8.57774353,3.819088936,4.528238297,3.379869461
3.878348589,3.66099596,3.890407801,9.820464134,3.395859718,3.551908493,6.286592007,3.219555855,7.322972298,3.16985178,3.377653122,2.808799267,2.963630438,3.863836527,3.010854959,8.91348362,3.006039143,3.131753445,4.272339344,7.0620384220000005,0.0,8.298114777,3.774727345,3.718631744,4.14684391
3.73744154,3.051458597,3.80394578,10.98234177,8.732837677000001,3.483333349,4.214653969,3.045354128,5.084101677,2.8576648239999995,3.476870775,2.741770029,2.927968502,2.885014057,2.98870182,5.299581528,2.7756237980000003,3.007128,3.607134342,7.194551467999999,0.0,7.769337177000001,3.561125994,3.761951923,3.59457922
3.516285419,3.1349053380000003,4.357847214,12.1757431,3.998459816,3.514814377,4.25086689,2.838470459,5.264810562,2.734033108,3.970026493,2.755905867,3.243036509,2.767091036,3.132373095,3.869412184,2.829155684,2.837815285,3.4665532110000004,8.428247452,0.0,6.979413032999999,3.715418816,5.26169014,3.98323679
3.440128565,3.492072105,3.282630444,9.327996254,3.691830158,3.196558475,4.187725067,2.888448954,4.78839922,2.895947456,3.886713982,2.827153683,2.988971233,3.162233829,3.589273453,7.163342476,2.9569795130000003,3.053153753,3.449106216,6.135854721,0.0,7.659235477,3.669660568,3.927746773,3.412051678
5.088511467,3.694531202,3.620671988,10.84637547,4.127878666,3.035962343,4.75915432,3.332107544,6.210065842000001,3.076666355,3.443570137,2.782697439,3.214020014,3.247428894,2.811324358,7.845513344,2.695854187,3.116388083,5.510534286,6.296631336,0.0,6.728447914,3.42305994,3.534972429,4.493346214
3.933335781,2.983723164,4.460876465,12.50519657,5.881891251,3.1008012289999995,4.894383907,2.856185436,7.99122858,2.589792728,3.3513867860000004,2.8221457,3.020824671,2.865639925,3.034451962,5.569947243,2.659959078,2.719075203,3.392079115,7.5844979289999985,0.0,7.966276168999999,3.487458944,4.287980556,4.11440897
4.678294182,3.599845886,4.5349779130000005,10.70345116,3.986187935,3.469697952,4.700917243999999,3.257612467,7.060923576,3.053315163,3.3633456230000003,3.013996363,3.128831387,3.082240343,2.901421309,7.779662132,2.660374641,2.900497437,6.358923435,7.106745243,0.0,6.515425205,3.274419308,3.945822954,3.5292544360000004
3.83677268,3.628823519,3.587912798,10.49169731,7.411449432,3.255863667,4.563158989,2.88243103,5.618773937,2.946083784,2.982666731,3.046563387,2.800256252,3.017184734,2.999624491,6.9936904910000015,2.73140502,2.9396460060000003,3.3788771630000003,6.390387535,0.0,7.1114816670000005,3.644965172,3.785116673,3.793209314
3.861793995,3.618364334,3.586097002,10.09024715,3.230865955,3.343188524,4.817160606,3.1360967160000004,5.393647671,2.773164272,3.209357023,2.77499342,2.831384182,2.919228792,3.165673018,8.215574265,2.667642117,3.054617405,4.083594799,5.7722435,0.0,7.064621449,3.436953068,3.55170536,3.727956057
4.518349648,4.431769848,3.97329545,10.94103718,6.060134411,3.546202898,5.510156631,3.126938105,6.528633117999999,2.88724184,3.307126999,3.11133337,2.920434475,3.476731777,3.043334246,6.886965275,2.978266001,3.003738165,5.079015255,7.104105473,0.0,6.411486149,3.8445611,3.681432724,4.335683823
3.520026445,2.921741247,4.087613106,11.70218658,6.578307152000001,3.560359478,4.606123923999999,3.106360435,8.644083977000001,2.696429014,3.180102348,3.025930405,3.023668051,2.704185486,2.881438971,7.344569683,2.710246563,3.024524212,3.1980042460000004,7.313334942000001,0.0,8.200201035,3.714296818,4.710637569,3.469521999
3.647667408,3.581875801,3.954846144,11.16211605,5.814861297999999,3.276805878,3.515832424,3.166201591,6.628446102000001,3.0220971110000003,3.1462185380000003,2.780373335,2.820987225,2.730609894,2.926585674,7.0090899470000005,2.765072823,3.204357624,5.509023666,7.658420563,0.0,6.176915646,4.007227898,3.661887169,3.0629835130000003
