7.424120902999999,3.776097298,3.672201157,8.17351532,8.189443588,1.675155282,7.349064827,11.09150791,11.44662285,1.292251348,2.072809696,1.968374729,2.446374893,1.414927483,9.347270966,10.32394886,11.66401482,1.977169991,11.4736433,2.608053207,2.948009491,3.606169701,7.400230408,8.019145012000001,13.23925209,4.154588223,2.296457291,0.0,1.82011807,4.980230808,0.0,6.943537235
6.460048676,5.209852695,2.5143513680000003,8.078279495,4.688350677,3.235841274,3.918162346,10.53228378,11.91734123,1.905558705,2.350997925,3.920069218,2.594048977,1.439992905,9.924263,8.376899718999999,11.38245392,1.873175263,11.3370409,5.974340916,2.567073345,3.457429647,7.507956505,7.962525368,12.06262207,2.664024115,1.970008731,0.0,1.391856194,5.350829124,0.0,7.1060075760000005
3.1277399060000004,4.922919273,3.13428545,7.02666378,7.548474312000001,1.720747709,6.593798637000001,8.798648834,12.30939674,2.595781326,2.358292103,4.241797447,3.190273285,1.411364317,10.23417854,8.235255241,12.38221741,1.880336523,11.90723419,7.998045921,3.806908607,3.5677599910000004,8.649674416,7.697921752999999,12.99020863,2.624022007,1.613620043,0.0,1.820395947,3.463682652,0.0,8.016352654
8.324152946,5.233657837,2.7474677560000003,9.300636292,5.79259634,2.474103451,4.579413413999999,11.95670605,12.99340725,1.875068545,1.9103899,2.491608143,3.3484253880000003,1.259003878,9.835816383,9.354758262999999,11.32123661,1.568876266,10.37230206,2.377252102,2.210645914,3.086274624,6.0069046020000005,8.436395645,11.96928883,2.469219685,1.826495886,0.0,2.504384279,4.748095988999999,0.0,7.584613799999999
4.217805862,3.4944510460000004,2.766810656,6.74780035,2.166299343,1.967427731,8.483295441000001,10.76949787,11.84802246,4.203912735,2.369641066,3.855438709,2.326235294,1.543596029,9.282936096,11.1241827,12.23093987,1.947142124,13.63646889,10.6309967,2.184965849,3.934778214,6.2827711110000015,7.47638607,13.06404209,2.191451788,1.630486488,0.0,1.680867434,3.084675789,0.0,6.388009071
6.107682228,6.242671967000001,2.855903387,7.69914341,8.827728271,1.587072492,8.875566483,11.36008739,11.29784298,1.940057993,2.495086432,2.60795927,2.31943202,1.54329133,8.230674744,9.521940231,11.22139359,1.478334665,12.12579918,6.874003887000001,2.248787403,3.455696583,8.00109005,6.700266837999999,11.91391659,2.469498634,1.885126352,0.0,1.338298321,4.905395031,0.0,5.030390739
6.430001736,6.041591644,2.018572807,8.981762886,1.554168224,1.430298328,7.860862732,9.420938492000001,13.22709751,1.520375729,1.585815549,1.590730906,2.321057558,1.215559959,9.480846405,10.08138084,12.26470375,1.692045927,10.48221397,1.764270782,2.936024427,2.198934555,5.761487007,8.222428322,11.68685341,2.832811832,1.944926977,0.0,1.799736381,4.503745079,0.0,6.764655113
5.748468876,4.892263889,2.622289419,6.209143162,6.425969124,1.851417661,8.306194305,9.644015312,11.96658325,4.275393009,2.417956114,2.443664551,2.541457415,1.368407369,10.19646835,9.227010727,10.73431873,1.855921507,11.41362,7.089374065,3.535375118,4.730473995,5.132723808,7.249848366,11.53876305,2.701389074,2.205463409,0.0,1.828905106,4.801379204,0.0,6.369827271
5.177170753,6.142972946,3.230965614,8.394183158999999,4.427328587,1.810173035,6.347364902000001,9.361215591,13.41535091,1.895876288,1.799313545,3.537452459,1.801608205,1.620084047,9.743003845,9.567625046,10.755827900000002,2.430237532,11.47754478,7.289133549,2.074891329,4.072423935,6.287672043,7.174235821,12.4959116,4.784350872,1.5136398080000002,0.0,2.029393196,4.812225819,0.0,5.974277496
10.2063961,6.015016556,2.906736612,9.688419342000001,4.899272442,2.216746807,2.73920989,13.75954247,11.64494514,1.5045094490000002,2.606779099,2.291989088,2.439469576,1.326558113,9.443424225,9.289520264,10.83364296,1.7440165280000002,11.14928246,4.067323685,2.770667553,3.285325766,9.69285965,8.791903496,12.67805099,2.927108765,2.943405867,0.0,1.60516274,5.113098621000001,0.0,5.309623241000001
4.74393177,5.249515533,5.10144043,7.629346848,9.265761375,2.050723076,7.0558776860000005,10.85026073,13.09044647,1.894690037,2.677240849,2.646445513,2.598883152,1.4029779430000002,11.20581341,12.10018349,10.57522297,3.072520494,11.37653828,11.2930212,2.7983403210000004,2.664108038,4.6758460999999985,7.044198036,12.91417885,2.989807129,2.919801712,0.0,1.79540503,4.714245319,0.0,7.651894568999999
7.58739996,3.549856663,2.860098124,8.45953083,2.705592155,2.177844524,4.26004076,11.27520943,12.69349194,2.354177952,2.072098255,2.214043856,1.992531776,1.829393983,12.72998428,9.793686867,11.05689526,1.523581862,11.30497456,7.030991554,1.547063231,5.335283756,3.715199947,8.078889847000001,11.86660194,2.43848896,1.430082321,0.0,1.568427444,5.017937183,0.0,8.095267296
4.904307842,5.272817612,1.765844584,8.37062645,7.659653187000001,1.877367735,5.667744637,9.759410857999999,9.577461243,1.333270311,3.39964056,2.133713722,2.021271706,1.4736764430000002,9.655857086000001,9.273593903,10.88965797,1.942540646,12.58853817,9.507204056,1.71535182,2.563736439,7.301950455,7.432877541,12.356766699999998,3.489595413,1.3271780009999998,0.0,1.665748596,5.532405852999999,0.0,2.106395721
7.086822033,5.628520966,3.833685398,9.063576698,9.773164749,1.603037715,7.21737957,10.48245621,12.99804974,1.390893221,1.922471523,2.726185799,2.609025002,1.525096416,9.341001511,7.89418745,10.68979549,2.273650885,10.72112942,6.392150879,5.570148467999999,2.7805213930000003,8.514320374,7.376627445,14.16058159,2.66412282,1.691036463,0.0,1.768238783,5.565261841,0.0,9.604914665
9.399788857,2.6726408,3.219521761,8.588323593,5.122980118,1.556140304,3.830453873,13.04903412,11.80773354,1.842469096,1.7900607590000002,4.112568855,1.978464603,1.227580547,10.31307793,11.18364334,11.88227081,1.452419996,10.35388184,12.67222786,1.878043175,2.58630681,8.413832664,9.248784065,12.14922905,2.932642221,1.418831825,0.0,1.748513222,4.460819721,0.0,7.152917385
6.601652145,3.775387764,4.730381012,8.721596717999999,2.701841593,2.368857145,8.154435158,11.68013859,12.19752026,4.548336029,3.065963984,2.755021095,2.239718437,1.121844769,9.682490349,10.16725349,9.147169113,2.067400455,12.80980492,10.33143425,3.451381683,3.836218357,7.239377022,8.110700607,11.77127075,2.326722622,3.445964575,0.0,1.433958769,3.391262531,0.0,7.643778323999999
9.038945198,7.287610054,2.716831207,7.483211993999999,7.350476742000001,2.005629063,9.76027298,12.09482098,12.43713188,5.065234184,2.609978676,2.603367329,2.45933938,1.201479077,8.744704247,9.701458931,10.45757961,1.977793336,10.4894743,10.25356293,2.287787676,4.174821377,7.856637001,8.056891441,10.56604862,2.903633118,2.332758188,0.0,1.7416555880000002,3.021829367,0.0,5.2835187910000005
7.569999217999999,6.546562672,4.142502785,10.20574188,6.296712399,1.871068001,4.176856995,10.77701378,12.58085823,3.3497440810000003,2.309580326,3.4235889910000004,2.67023921,1.235462904,10.12032127,9.828279495,11.01340103,1.960445881,11.22658539,5.702973366,1.904926181,2.286247015,8.067911148,8.220005035,12.19032478,3.013702869,1.7722786659999998,0.0,2.293711185,3.936387777,0.0,7.291383743
7.9649472239999985,5.432771683,2.015879631,8.638706207,5.258619308,2.094614029,8.258465767,11.64196205,11.71965694,2.325716496,2.516882896,1.829393983,2.560836554,1.457275271,9.209344864,8.857938766,10.3173275,1.700577259,9.931026459,9.279762267999999,1.978156447,4.577891827,6.767316817999999,8.300645828,11.92488098,2.136501789,3.2586882110000004,0.0,1.4278311730000002,4.570115089,0.0,4.339551926
8.796583176,5.104795933,5.891493797000001,7.387572765,8.570855141000001,1.603037715,2.032580376,11.18701363,13.83372116,3.867520571,2.5517666340000003,5.022990704,1.622469425,1.331110716,10.78420448,10.07826233,9.38882637,1.694905519,11.1187191,10.77974319,1.899432421,3.527699947,9.138506889,8.101531029,12.13943577,4.075799465,1.538187027,0.0,1.749296665,4.828929424,0.0,9.027734756000001
7.343293667,6.532532692,3.002037048,8.356211662,7.724107742,1.6398993730000002,2.623570919,11.0873127,13.15691376,1.408434629,3.232821941,4.192513466,2.59809494,1.493261814,9.549231529,10.95872402,11.74105835,1.455183268,11.53646374,1.534269333,2.694549084,4.117007256,8.837550163,8.724488258,13.40907288,1.884624481,1.997319221,0.0,2.071128368,4.696438789,0.0,8.256402016000001
9.278716087000001,5.674135207999999,5.730560303,7.69913578,7.011164665,1.590700388,5.4673242570000005,10.81900215,13.21854496,3.869537354,2.492279291,4.728755951,2.922520876,1.254676342,9.864810944,9.151720047000001,11.66611004,1.7627705340000002,11.11556911,7.858795166,4.141446114,4.421692371000001,8.158298492,7.764511108,12.78243351,3.182007313,1.982776642,0.0,1.5298001769999998,4.3712315560000015,0.0,8.81406498
8.078008652000001,5.890660763,4.5925316810000005,8.432693481,7.12842083,2.488779068,6.721243857999999,11.43619537,12.55064201,3.1380548480000003,2.586034775,2.394932032,2.696625233,1.3810083869999998,10.14888382,7.887081146,8.794694901,2.57263875,11.70588303,7.492525101,3.376119614,3.4121284480000003,7.837016582,7.66985321,12.21159458,3.720921516,2.802035093,0.0,1.749752283,4.580887318,0.0,7.137595654
7.067853928,5.682048797999999,1.936495662,9.154224396,8.274515152000001,1.66219902,6.815172195,12.10705566,11.16941833,2.263639212,1.838511348,2.479291916,2.446374893,1.4732526540000002,9.463665962,10.68740177,11.62803268,1.391012549,11.48087311,6.53441143,2.127964735,2.994256258,7.551110267999999,8.058088303,12.40341949,1.883680105,1.5257264380000002,0.0,1.646345139,5.362892628,0.0,5.9417309760000006
7.77959919,5.928632259,3.193647861,8.546531677,10.15667725,1.442513943,9.539997101,11.41720581,11.39418221,2.687722921,2.943371773,2.295614481,2.434299469,1.16172111,9.415025711,9.06063652,11.48269558,1.908072472,10.49286079,9.24627018,4.009697914,2.107336044,5.847096443,8.350922585,12.26641846,3.174062252,2.455651522,0.0,1.822386622,4.288956642,0.0,7.559353828
6.282672882000001,5.418548107,2.974581718,8.214594841,5.811747551,2.660313606,6.181406021,9.722390175,12.4954195,2.329758883,2.45072937,4.011623383,2.777169466,1.13328433,9.668465614,8.690660477,9.993196487,2.593668699,10.60417366,10.43371773,1.935952663,3.2981879710000004,7.449260712,8.100006104,11.97207451,2.269590616,1.7960784440000002,0.0,1.728126049,5.041232109,0.0,7.30917263
5.847731112999999,5.556727886,2.695761681,8.356832504,3.780704975,1.800335884,5.610433577999999,9.840902328,11.75125122,2.250133038,2.481294632,1.732275724,3.17808032,1.601747274,10.57993603,9.229888916,10.46153069,1.997289419,10.62953949,7.144545077999999,2.392000914,2.663003445,6.500454903,8.199761391000001,11.7602129,2.811920643,2.585092545,0.0,1.944935322,4.703369617,0.0,6.612817764
10.37255669,5.612968922,3.000987053,9.61281395,8.782056808,1.915112138,7.412689686,12.5738821,11.43144131,4.029139519,2.499434471,1.874127746,3.879370928,1.151885748,8.54826355,8.053174972999999,9.630178452000001,2.242807388,10.42201233,4.853853703,2.337172508,2.884747744,6.568227768,9.480243683,11.9666748,2.92222023,3.533669233,0.0,1.56871736,5.171385288,0.0,5.842737675
7.268368721,3.842616558,3.13969183,7.9478225710000014,9.220233917,1.743465781,8.551937103,10.41587257,12.90977955,3.568113804,2.424108744,3.489228725,2.122083187,1.433783531,9.11415863,8.895418167,10.95174599,2.178402901,10.31652069,9.505203247,2.318294525,3.499540567,6.794651985,7.349115372000001,12.32270432,3.0193188189999995,2.724909544,0.0,1.660040617,4.0589671130000005,0.0,6.346211433
5.8988699910000015,5.126204014,3.2147870060000003,9.203029633,4.985637188,1.675213456,6.605185509,11.2597456,11.26195049,2.582783937,1.763119221,2.411845922,2.896268129,1.118508935,10.93156242,7.513824463,9.671470642000001,2.575310707,11.60465622,9.621918678,2.157487154,3.2907102110000004,7.415431022999999,8.237565994,13.63642788,2.021796942,3.006006718,0.0,1.383539796,4.726813793,0.0,5.221541405
7.940856457000001,5.394376277999999,1.929318905,9.036704063,7.045904636,1.574426532,7.615840435,12.47398949,11.16574955,2.827152252,2.138529539,3.591625214,2.593260527,1.30188036,9.545128822,9.264808655,11.68314362,1.552687645,9.5841465,9.733556747,1.744756222,3.264147758,7.77391243,8.742841721,10.90598869,2.5651896,1.608281612,0.0,1.804050565,3.5297713280000003,0.0,4.032243729
7.0593123439999985,6.022256851,2.046570539,9.099573135,4.16824007,1.6899554730000002,7.123816967000001,11.48535919,13.65779114,4.39354229,2.493279457,2.453891277,2.464223385,1.316839218,9.884531021,10.2754097,10.80157375,2.024026632,10.74784088,2.156659126,3.018051386,2.6942887310000003,7.996383667000001,7.14984417,12.00515175,2.612668037,1.798360109,0.0,1.349244118,4.215075016,0.0,5.644554137999999
7.271772861,4.501905441,2.703896046,9.641375542,5.290470123,1.845088959,6.514950752000001,13.0531683,10.45974827,3.19943881,2.718374729,2.226589203,3.955090761,1.228610992,8.689790726,9.13796711,10.40179443,1.7729885580000002,10.87853813,4.997705936,2.381368399,2.8360471730000003,7.974338531,9.183093071,12.06782818,2.570016861,3.599403381,0.0,1.565971613,4.753487587,0.0,5.554233551
8.184314728,5.93848753,4.286461353,7.684249877999999,6.868527412000001,1.870891571,8.421574592999999,11.38076401,11.71523952,7.112255096,2.340019226,3.430201054,2.3997735980000003,1.189356923,9.662654877000001,8.903162003,10.08614635,2.259586096,9.975690842,4.602377415,3.109781742,3.594690323,8.763157845,7.757012367000001,12.67715645,3.585887909,2.91227603,0.0,1.463478446,3.411273956,0.0,6.563276291
7.43515873,5.088237286,4.607230186000001,7.659023762,8.623239517,1.739708066,7.204007149,10.61359406,12.40089607,2.271556139,2.49230814,3.091826916,2.380580664,1.401227951,10.00496483,10.87570953,11.34330273,2.046657801,10.98796368,11.44695091,3.646024704,3.285325766,7.661447525,7.572497368,12.2758522,3.746032953,2.7432103160000003,0.0,1.943388939,4.326966286,0.0,7.417617797999999
7.360519886,6.13087225,2.300100565,7.718658447,10.08655357,1.65094924,7.255660057,10.95532227,10.2286768,1.842908502,2.747241259,2.782352448,3.393570185,1.4686598780000002,8.204614638999999,9.138997078,10.80582237,1.849906683,11.93507481,6.164429188,2.49288249,2.635403872,7.3049058910000015,7.181574821,12.84500885,3.636264801,2.032653809,0.0,1.775147796,4.079826355,0.0,6.231883526
7.850932121,5.233482361,1.914177895,7.446166038999999,6.068785667,1.583420515,6.288097858,10.6598196,12.94907856,2.145608425,3.058374643,2.021051884,2.245520592,1.280054331,8.859498024,8.912317276,11.19460297,2.007953882,11.24508667,8.922452927,2.565436602,3.280472755,7.844590187,7.940097809,13.51319885,2.8023839,2.517130613,0.0,2.051088572,4.572974682,0.0,6.431382179
6.540593624,5.6062011720000005,2.985627413,8.130112647999999,6.618344307,1.549581289,6.020346165,10.16602135,13.0794239,2.007483959,3.605667114,2.776701212,3.180733204,1.30877471,10.76364708,9.919258118,11.70581436,1.609350324,11.27329826,2.297751904,2.562033892,2.85316658,8.004805565,8.174530029,12.38929653,2.795642614,1.229768276,0.0,1.996391296,4.377316475,0.0,7.678114413999999
6.429975033,6.145460606,4.812942028,8.324692726,7.607481002999999,1.440772533,7.196802616,10.14279842,12.93723011,4.91664505,2.716433287,3.637980223,2.805855036,1.329720497,9.266745567000001,9.68318367,11.80498886,1.524457335,11.28913307,11.53339577,3.222374439,3.731048107,8.089186668,7.655321121,12.6595602,3.370725632,1.855955005,0.0,1.930924654,4.012830734,0.0,7.413971901
3.72807622,3.991334915,2.280344009,8.567005157,6.798876762000001,2.088709831,1.88177681,9.054730415,13.37355042,3.5528559680000003,1.810709953,6.074326038,2.7018888,1.659128189,11.1056385,11.2031765,11.57056999,2.552052736,11.61279297,7.18495369,3.520258665,3.04654026,8.016631126,8.613861084,13.32228374,4.43844986,1.446483731,0.0,1.880173802,2.003553867,0.0,9.456364632
7.372941971,5.322011471000001,5.125983715,8.584085464,8.26858902,1.784081101,4.2256746289999985,11.94301701,13.41427898,4.075582027,1.693014145,2.094785452,2.5248172280000003,1.180563927,10.28650475,9.68312645,9.540683746000001,1.887287378,10.67042923,10.42468071,4.276118755,3.348973989,7.00975275,8.22121048,12.54489708,2.514054298,3.898578405,0.0,1.593119144,4.614267349,0.0,9.206598282
7.892544746,7.428530693,7.552715778,8.917842865,7.870849608999999,1.583420515,1.623044014,10.9766655,13.65074253,2.833773613,2.181526184,6.65712738,2.84363389,1.747224927,11.67561531,10.4758873,11.42470169,1.673233032,11.66131592,1.7425098419999998,5.898919106,2.768657207,8.92100811,8.140524864,12.70671463,3.683120966,2.071128368,0.0,1.768868804,3.06357336,0.0,10.6266861
7.92638588,5.664616108,1.427155018,8.355254172999999,9.007458687,1.810349464,5.435634136,11.45732021,10.91275787,1.361330986,2.251742601,1.853543758,2.6671171190000003,1.309169292,11.32372761,8.740771294,10.30518723,1.556665063,11.32567024,6.85252285,2.09125948,2.44029665,8.842710495,8.076887131,13.22005844,3.013602495,1.917037725,0.0,2.016773701,4.77965498,0.0,7.401964187999999
6.836328506,5.833222866,3.475577354,8.127223015,10.67381668,1.538929224,7.400774479,10.03425789,11.52212143,1.991803288,3.306874275,1.876738429,2.6687717440000003,1.762401223,9.894830704,11.13780975,10.89601421,2.0512828830000003,10.8708992,10.53361797,2.454021215,3.642767429,6.5126791,7.206863403,13.19021511,4.1633982660000015,2.057487488,0.0,1.904468656,4.317732334,0.0,6.391657829
6.432001114,6.6258420939999985,5.738276005,8.901735306,7.796162128,1.464830637,7.194411755,10.11441803,13.31936741,2.791293859,1.7951643469999998,4.192473412,2.917579889,1.306462526,9.76307106,9.789787292,10.40654945,1.7553924319999998,10.81943512,5.639464855,2.736486197,3.337274551,8.742170333999999,7.261415005,12.57849216,3.30605197,1.485028267,0.0,1.5777959819999998,4.085755825,0.0,8.08965683
7.549588203,6.002923012,2.928670168,7.798398017999999,6.310842514,1.745190978,6.028437614,10.33884621,12.87978745,2.659986258,3.117910385,2.224799395,1.814662218,1.38495636,9.812379837,8.959789276,11.98819447,1.494181037,10.76796818,11.75778484,3.106945515,5.892847061,6.032972813,8.289162636,12.54055309,4.192543983,1.7687363619999998,0.0,1.435349941,4.212045193,0.0,6.427137852
8.259002686,6.414830208,2.197430134,9.018066406,2.970564365,1.60327816,6.568245411,11.37003326,11.69970417,5.511640549,2.078609943,4.156106949,3.20898366,1.617439985,8.885849953,8.308089256,11.63732719,2.335929871,11.14701653,2.976239681,1.923485756,3.050913811,7.118282317999999,9.119229317,12.40359211,1.613734365,3.204534292,0.0,1.518808365,4.937419891,0.0,4.217280388
7.567432404,4.117032528,1.826602817,8.706803322,9.139464378,2.116498709,7.748493195,10.68210506,9.822231293,2.605428457,1.961688638,2.609941721,2.825882912,1.392631531,10.2218008,10.54898643,11.3673439,1.830392957,11.26157665,2.6672973630000003,2.293039322,2.923447847,6.082442284,8.188871384,13.41641235,5.196626663,2.8660023210000003,0.0,2.337554693,4.560433388,0.0,5.618041992
4.52957201,4.085947514,4.404785633,7.56137991,7.247645378,1.589458346,3.037037373,11.07652664,13.21871376,1.8793571,2.108916283,1.82555151,1.9474231,1.439348221,9.853824615,9.346130371000001,8.411733627,2.96168232,12.60778332,8.376771927,2.857197762,1.656258583,7.845578671,7.755285262999999,11.78356075,1.7657777069999998,1.653996229,0.0,2.258613586,3.970771551,0.0,8.06686306
5.254903793,6.457393169,3.083392382,6.9124088289999985,6.393597126,2.60266757,5.645251751,9.772930145,11.15763187,3.0943582060000003,2.442824841,3.189108372,2.456071377,1.330362082,10.22743988,9.297258377,11.00946522,1.997993231,12.68507099,5.705345631,2.815952778,4.2795963289999985,9.015841484,7.635070801,13.38738918,4.858189106,2.294597149,0.0,1.7201087469999998,3.278208256,0.0,7.5079412460000015
6.551724911,7.358588696,1.6943215130000002,6.953522205,6.924564837999999,2.237726212,6.180781841,8.988298416000001,11.17864418,2.859285116,1.861582398,2.469502926,2.713662863,1.521026969,9.519590378,9.245046616,11.35388947,1.704924345,12.08809471,9.921422005,2.702623367,4.446018219,8.020690918,7.665997028,12.77259636,3.397922039,2.159868002,0.0,1.923359036,4.1745810510000005,0.0,6.473514557000001
5.728406906,6.132078171,5.708767891,9.408382416,4.584483624,1.430252671,5.001258373,9.883192062,13.34698009,2.468763351,3.285345078,2.87655592,2.329901934,1.4126367569999998,10.86679077,10.92936897,11.31008148,1.4527401919999998,12.18040657,11.02559566,2.821044683,2.292474747,7.984817505,7.816987514,12.56572437,2.44397974,2.412059307,0.0,1.848954439,2.650232792,0.0,9.046060562000001
5.557153702000001,5.0954976080000005,2.505796194,7.421947956,6.208529949,1.967308044,6.310237408,9.61165905,11.67779064,2.942953587,2.073125839,2.8251085280000003,2.331257105,1.356585026,10.46536064,9.044383049,11.086236,1.3749339580000002,11.19265079,7.461181641,3.2142658230000003,4.506154537,6.673775673,7.94239521,12.31517506,2.6859598160000004,2.838121891,0.0,1.787451982,3.5528168680000003,0.0,7.040164947999999
5.754645348,4.4108161930000005,3.234148264,7.300601006,6.242248535,1.5241742130000002,7.109229565,9.500929832,11.98747158,5.086262703,1.500183105,2.544148922,2.959831953,1.611892939,8.947695732,9.504039764,11.1062355,1.584412813,10.23415089,9.742238998,3.322372198,2.453237057,8.376274109,7.992085457000001,12.35102463,4.24649477,1.827207446,0.0,1.717356801,4.864999771,0.0,7.12599802
9.783599854,3.645027161,1.87883544,9.182531357,1.5385441780000002,2.177844524,2.06120491,13.35473824,12.93847179,1.458091974,2.0663228030000003,3.137055874,2.085798264,1.3921089169999998,10.02304554,8.355758667,10.644855499999998,1.586667299,10.89936447,8.282124519,1.7544491290000002,4.11883831,9.804971695,10.11458492,12.14585018,2.015794754,3.34880352,0.0,2.161858082,5.191636562,0.0,7.119315624
5.796470642,6.78315115,1.923609853,8.522459984,2.772414684,1.580918312,6.347723007000001,10.72541046,12.1576519,2.888347149,2.504321098,3.054452419,2.381285191,1.384031296,9.488921165,8.444126128999999,10.56152344,1.25306046,12.05713844,9.183597565,1.849004507,2.9164056780000003,7.289221764,8.551538467,12.0667181,4.592883587,2.741151094,0.0,1.759006143,4.390608788,0.0,6.986077309
6.585685252999999,5.85687685,3.776297331,8.072654724,9.560204506,1.551721573,8.464389801,11.22026157,11.40460014,5.222090721,3.235383511,2.748335838,2.598067522,1.215859652,10.80761147,8.861600876,10.04803371,2.468518734,11.96966839,6.577040195,2.859263182,4.383909702,7.132360458,8.17460537,11.50757217,4.002738476,3.126431465,0.0,1.7146261930000002,4.412609099999999,0.0,6.835739612999999
8.356191635,5.454443455,2.569406986,10.48818302,7.06230402,1.580625296,6.6165680889999985,12.37016487,10.86678886,2.007932425,3.3869214060000004,3.310476065,3.31145215,1.452940941,8.643098831,9.604858398,10.65877724,1.215634584,11.43433285,9.228989601,2.212967873,3.036345959,6.481572151,8.026375771,12.01274681,3.036360264,3.184526443,0.0,1.7201087469999998,4.462691307,0.0,5.311452388999999
7.531283379,5.314074038999999,2.075956345,8.646752357,7.097400665,1.7196908,6.428938866,11.11346817,12.05868244,2.350997925,2.700786829,2.224540234,2.584741831,1.325253248,9.197704315,9.793254852,12.09964848,1.818957329,10.65293789,11.76785851,2.298644304,4.513110161,5.231690884,8.417786598,12.84039783,3.049568176,1.503032327,0.0,1.60838306,5.7054004670000005,0.0,5.539447784
5.926944732999999,5.53912878,3.242332935,8.932164192,8.642976761,1.571961641,6.97564888,10.98378754,12.17194462,3.057723522,1.620212555,2.134984255,2.944808722,1.5170862669999998,10.33725548,8.420688628999999,10.79998398,2.578662395,11.95258141,10.42561913,1.897745371,2.335246325,6.858977317999999,7.321303368,13.13762951,3.813355923,1.4341411590000002,0.0,1.684033155,4.983793259,0.0,6.427394867
7.820057392000001,5.8579969410000015,2.394947052,8.613525391,8.086743355,1.991234064,7.556987762,11.46021652,12.33564377,1.895205498,2.202842712,1.631577253,3.073889017,1.3513224119999998,9.613165855,9.700195313,11.02724552,1.335550547,10.96048355,10.03765297,3.629288197,2.854942083,6.659841537,8.187861443,11.93370533,2.6021378040000003,3.539308071,0.0,1.639582515,4.829327106,0.0,6.539731979
5.870271683,3.886892796,1.6037848,9.659878731000001,5.719831467000001,2.218339443,8.978023529,10.36667824,9.450153351,3.0201311110000004,2.979400635,1.603785038,3.097999811,1.7899243830000002,9.265589713999999,9.796616554,10.85934162,1.471186638,11.59978962,5.617983818,1.973633766,2.120509863,6.673765182,9.129157066,11.43728542,2.351077318,2.733988285,0.0,1.749670744,3.233813524,0.0,2.979400635
7.507591724,4.579952717,1.58507514,7.764059067000001,2.397834778,1.737025976,1.779092789,10.49471283,11.95708656,3.38711381,1.627191544,2.227512836,2.417521715,1.451988935,10.0338068,7.853657722,11.61578751,1.696232796,10.45307159,1.821079254,2.52067852,2.847530365,5.697914124,9.030744553,12.22347927,2.037126541,3.355907202,0.0,1.3654065130000002,4.161999226,0.0,6.248500824
5.833369255,5.691618919,5.961544991,7.955689907000001,6.125150204,1.56086731,5.852280617000001,9.608823776,13.94168091,2.8645188810000004,3.355164528,4.357215881,2.74297905,1.302741766,11.11091614,11.05023384,8.95520401,2.732260227,12.45274544,12.80137825,3.573559523,3.812029839,7.908133507,8.007838249,12.5327549,3.479950905,2.934129715,0.0,2.049936771,4.709605217,0.0,8.432199478
7.601427555,4.269253731,5.900194168,7.947490692000001,5.586907864,1.466475964,6.295442104,11.50766945,13.31374931,3.234115362,2.7320933339999995,3.810702324,2.8948144910000004,1.403950214,10.20394993,11.21881485,7.321317196,2.113170147,11.26080799,9.424217224,5.09431076,2.930895329,6.900191307,7.599479197999999,12.92919159,3.452475548,2.460849285,0.0,1.7472740409999998,3.620273352,0.0,8.846595764
6.507242203,5.638468742000001,5.826848507,7.6302223210000015,2.329264164,1.321307182,7.099232674,9.992135048,13.5815773,2.631366968,3.08881855,3.4869000910000003,2.841150045,1.195610642,11.4159832,9.461293221,8.990507126,1.5473134519999998,11.81238174,10.08872986,3.374914646,2.893764734,7.26351738,7.248715878,12.70040894,3.665092945,2.181773424,0.0,1.991330147,5.522762299,0.0,8.277937889
5.783056736,6.1481561660000015,5.1115360260000005,8.70729351,8.687417984,1.243842483,5.771390915,9.628276825,13.75415993,1.388156176,3.117480278,4.459577084,2.731205225,1.151605606,11.28143787,11.21257973,8.946937561,1.977438927,11.86073875,11.29549026,2.721870422,3.58967638,7.369428158,7.348779202,12.33384418,4.522471428,3.580685377,0.0,1.651456594,3.97694397,0.0,7.423571587
5.82021904,6.272416592000001,6.456519127000001,9.004396439,2.992408037,1.763483167,2.569096804,9.217841148,13.85295773,1.6674546,2.761211634,4.76740551,3.103554487,1.187028527,11.74337769,10.95216942,9.680110931,1.726934195,13.20808125,10.25779057,5.064207077,3.0674252510000004,7.875720977999999,8.013843536,12.64452934,2.364838362,1.7045955659999998,0.0,1.747730017,4.794705868,0.0,9.37547493
5.439851284,1.965520859,2.675238371,9.125541687,7.953386307000001,2.190407276,2.591752529,11.31557465,12.10150146,1.315614939,1.921615839,1.827740431,2.522624969,1.241449118,8.677352905,8.477071762000001,12.43672752,1.52818346,10.80428314,3.180224895,1.575231791,2.959910393,3.475073814,10.31750679,10.3935976,2.593757868,2.131311417,0.0,1.633772016,4.8238568310000005,0.0,2.276108742
6.600353717999999,5.1484460830000005,5.980603218,7.848370552,5.2322525980000005,1.533064365,6.557631969,9.653665542999999,13.748649599999998,4.898314476,4.922127247,3.297737837,2.546914339,1.181418657,10.60553932,10.53082943,9.202423096,1.853919864,13.47140789,9.686108589,3.549996853,3.1955246930000003,8.499503136,7.589228153,12.14244461,3.868143559,3.493648052,0.0,1.7687363619999998,4.518928528,0.0,8.102880478
3.704757214,5.376717567000001,5.119980812,7.790743827999999,3.385536671,1.467917442,6.474322796,8.459301949,13.26556396,2.111240149,2.534180403,4.490139961000001,2.219824791,1.712753534,11.86632729,11.19227409,8.851486206,1.4736764430000002,13.89455605,11.35183716,3.704546213,4.1764454839999985,7.921331406,7.676086426,11.49240208,4.598855019,3.883808374,0.0,2.049746513,4.0465846060000015,0.0,7.805024147
2.960638523,5.59579134,6.272682667000001,7.585647582999999,2.703969479,1.709370255,6.015860557999999,8.425029755,13.78372192,3.221274853,3.186854124,4.045096397,3.12893486,1.857849598,11.64428902,11.47421837,9.297260284,1.7087554930000002,13.83580875,9.292227745,4.623196602,4.0695190430000014,6.956580162000001,6.904273987000001,12.30431747,3.04899025,2.846603155,0.0,1.741470814,4.887377262,0.0,8.886722565
1.035688877,1.086470604,0.7534918190000001,5.247653484,1.167826533,1.238852739,0.990103185,5.701003551,7.532313824,0.863313198,1.494301319,1.673771739,1.279197454,0.756465912,6.465717316,7.0184655189999985,6.263931274,1.0532908440000002,6.755841732,6.678679466,0.86773777,1.000879526,2.191607475,6.259597778,6.1428141589999985,0.949349344,1.6714615819999998,0.0,2.453683376,4.727996826,0.0,1.170097589
0.8724217409999999,1.086470604,1.056870222,5.1801333430000005,0.8651317359999999,0.699330091,0.7693359259999999,4.514049053,7.363975047999999,0.8309953809999999,1.173887372,0.69363755,1.511478186,0.736063719,6.69788599,5.270493984,5.95342207,1.432780504,9.197714806,7.23210001,1.506802797,0.8510911459999999,1.086209297,5.101714611,6.635900974,0.982328773,1.953122377,0.0,1.718242526,3.732783318,0.0,2.65339613
1.28195715,1.335863352,1.374925613,4.864236832,0.892072678,0.671015561,0.703742623,5.428553581,9.527182579,0.725738406,1.414606333,0.7823368909999999,2.057687998,0.8492544890000001,5.907007694,6.162348747,6.4027848239999985,1.217187405,8.570572853,4.573839663999999,1.220086455,1.438913584,1.504946947,4.668614863999999,6.732653618,0.96127063,1.173887253,0.0,1.092760205,3.8974154,0.0,3.792182922
1.771195889,1.015695333,1.060777426,5.8829479220000005,0.841042042,0.922844172,0.6914354559999999,7.268814087000001,8.201162338,0.6853476759999999,1.271485329,0.8712561129999999,1.276715994,0.597236156,4.364773273,5.452841759,5.504035472999999,0.741479039,8.102944374,6.673144817000001,1.0355226990000002,0.80891645,1.824185848,6.182560921,7.434497356,0.841642201,1.281510711,0.0,1.386932492,3.4817719460000003,0.0,3.579613209
0.863313198,1.12254262,0.781155765,4.902686119,1.414228201,1.340811729,0.888303638,4.570957184,9.034414291000001,0.8379900459999999,1.554998755,0.795921683,2.444475651,0.794362605,5.251299381,6.007529259,6.830140591,1.02914834,8.669570923,7.95778513,0.947398484,1.612737656,1.4163492919999998,5.48743248,6.260534763,1.115101814,1.06305635,0.0,2.671089649,5.439373016,0.0,2.8072268960000004
1.06305635,1.214453936,1.478198767,2.310358524,0.7868692279999999,0.954700947,1.3659374709999998,1.630297422,6.016741276,0.527974129,1.253609419,1.279106617,1.481161833,0.657858968,2.296636105,1.356614113,2.566224575,1.766284585,2.948996544,3.014144421,0.487799287,1.371985555,2.716092348,8.274585724,1.110407829,0.745448232,0.778262377,0.0,1.352541804,2.230299234,0.0,1.59784627
1.428062081,1.432345629,1.33706212,2.08567977,0.852897525,1.112805367,0.976657629,6.132853507999999,8.346552849,0.380521595,1.7287285330000002,1.428062081,1.552448511,0.878259659,5.130716324,7.157962322,5.405596732999999,1.704978466,9.600201607,7.127561569,0.924458861,1.254968405,3.829838276,5.480443478,6.51338768,0.5481003520000001,1.34975791,0.0,2.170071125,5.640050887999999,0.0,1.238852739
0.901717544,0.73260653,0.843425214,4.783996105,0.863313198,0.970850587,1.395030737,4.785107136000001,9.249393462999999,0.6489492060000001,1.112444401,1.3875625130000002,1.493582249,0.67276752,5.346388817,3.701295853,6.195997238,1.37131834,8.24679184,9.249706267999999,1.05542016,0.915537059,3.149218559,6.145010948,7.1180295939999985,1.293146849,1.18869853,0.0,0.867391467,3.001466274,0.0,2.145859718
1.206443787,1.203050375,1.225087881,6.174462795,0.83203578,1.1493079659999998,1.10912323,4.528719902,8.61624527,0.920776367,1.438510776,1.070999265,1.6341183190000002,0.643935978,3.66263175,4.203784466,4.604645252,0.982238531,7.400060654,9.347967148,0.8478007320000001,1.668209791,1.562997222,6.484241486,5.7834391589999985,0.977648675,0.874148011,0.0,0.8617494109999999,5.282239437,0.0,1.06305635
1.107295275,1.078481555,1.5545642380000002,5.254264832,0.8060667509999999,0.950350344,0.8456873890000001,6.006237507000001,9.640371323,0.8218584059999999,1.344947577,2.940691471,1.916165948,0.618695319,4.841355323999999,5.4768438339999985,6.732103348,1.432236671,8.62508297,7.463381767,0.756465912,1.31578958,1.758500814,5.7695984839999985,6.416751385,1.423363924,1.747996211,0.0,1.620462418,3.102247715,0.0,2.87737608
0.7510616179999999,1.224066973,0.769855857,5.390892029,0.9006494279999999,0.926867485,0.865089357,5.217965126,9.678990364,0.6161051989999999,1.266889215,1.3408770559999998,1.377508402,0.82913065,5.177474976,6.107714176,7.206683159,1.03977561,8.792128563,8.091682433999999,1.06305635,1.13163805,1.313287258,5.967087746,6.519095421,0.981885672,1.169898748,0.0,1.0646544690000002,3.508840799,0.0,1.084054947
0.8547768,1.180005789,0.992268324,2.614864588,0.714206517,1.048203468,0.850710273,3.595414639,4.86705637,0.668073416,1.15434432,1.0694861409999998,1.768375754,0.629344165,2.046331406,1.934591532,8.549445152,1.300314903,5.341300963999999,5.8841080670000006,1.046883821,1.183324099,2.8609857560000003,8.126654625,1.42400074,1.323576927,1.18869853,0.0,1.742398381,7.781829357,0.0,1.1747272009999998
1.434103251,4.82642746,1.0902493,6.374695778,2.351143122,0.895133615,3.831572294,8.699278831,11.40096569,0.802758098,0.886150241,1.4342567919999998,1.4522097109999998,0.5639894010000001,8.902209282000001,9.991230965,10.41193008,1.18354702,11.83171272,10.9315424,0.0,1.0902493,3.037875891,6.0827498439999985,9.891248702999999,1.314442873,1.5277704,7.086466312000001,0.741285622,6.184938908,1.236962557,2.672030926
0.976196408,2.130441427,1.730270624,6.045659065,3.244989395,1.368194818,1.938038588,7.469913482999999,13.07055855,0.418031454,0.972025216,5.121085644,0.831812263,0.880038798,9.524045944,8.809254646,10.52521133,0.949438095,12.33002377,10.55299568,0.0,1.669001937,1.381237984,7.235005378999999,11.12347412,1.314442873,1.5826519730000002,7.571319102999999,1.184611797,6.53837347,1.246114373,6.929615974
1.52010119,5.010033131,1.368194818,5.496763229,1.5021810530000002,1.081412554,1.315790176,7.757829189,12.76194382,1.003583431,1.362609506,1.938971162,1.269297481,0.69732374,9.068082809,11.32566357,9.9615345,0.79062134,12.42778778,6.886541843,0.0,1.509577036,3.426318645,7.221339226,11.11694717,0.62173444,3.690654755,7.390685557999999,1.398598194,7.092674732000001,1.711551785,7.102482796
3.680132389,5.54419136,1.083114028,5.872098446,1.116122603,1.272413611,2.114645004,7.420768261,12.77127266,0.830829203,1.362609506,1.795386434,0.8031955959999999,0.853235126,9.132820129,11.22457886,10.91943836,0.805604935,12.68444633,11.7246418,0.0,1.848662376,2.658945084,7.18660593,10.71411037,0.931938052,1.862817287,7.2601981160000015,0.779617965,5.857702255,0.732663155,6.055297852000001
2.004297256,2.667605162,1.878061652,5.021317482,1.791337252,0.946700811,1.240296602,8.667333603,12.38108444,0.841088235,1.005473137,2.609205246,1.305614948,0.750794172,9.500208855,10.22850227,11.48514175,0.968926609,13.57296562,9.73335743,0.0,3.209830999,1.608812094,7.690433025,10.89785767,4.738226891,1.16498518,5.748120308,0.754321694,5.283198357,1.049476981,6.3008122439999985
1.021757603,3.382134914,1.6215457919999998,5.948599815,1.906147718,0.981507003,2.123839617,7.294882773999999,12.31761837,0.679112077,1.5737678999999998,1.7229100469999998,0.882609665,0.7704052929999999,8.981947899,9.287269592000001,10.3617754,0.961656511,11.65521717,10.01498508,0.0,2.120001793,3.547400475,7.160406113,10.76945496,1.31707418,1.901064992,5.552656174,1.026452065,5.372110844,2.099119663,7.086561203
0.643464088,1.024425864,1.124716282,2.430094719,2.150157928,1.213990927,1.03699553,6.263662815,12.7883482,0.827015042,1.851379156,1.754211068,1.368194818,0.980084062,9.516832352,8.50431633,9.35200119,1.049483538,11.53399563,7.89650774,0.0,1.186427593,1.5206534859999998,8.116256714,10.2466116,1.3473701480000002,0.8866841790000001,3.744435072,1.232818365,6.822423457999999,1.360403538,8.035744667000001
0.766500711,1.31980896,1.015461445,1.7614545819999998,1.6814324859999998,1.723139286,1.054302692,7.463871956,11.03235149,0.7176623940000001,2.359301329,1.395912766,1.009896398,0.742354155,9.086372375,9.595454216,10.70698166,1.185595274,12.78744221,2.001572132,0.0,1.037877083,1.4179992680000002,6.891024112999999,11.01013947,0.706053138,1.979738951,6.85795784,0.950914502,6.069786549,1.37195158,7.050059795
1.253638983,4.513783455,2.413718224,5.507067204,1.3406701090000002,1.652261257,1.250576496,7.785074234,13.28423786,0.515039325,1.6792876719999998,2.554642439,1.231115699,0.6472144129999999,9.747380257,10.35662365,11.05891895,0.947305381,12.63981152,7.641721725,0.0,0.949288487,2.519406319,6.6835083960000015,11.0340271,1.017882109,2.078582764,6.512890339,0.884675443,5.975578785,1.203750849,8.53512764
1.088916898,6.30198431,2.0109922890000003,5.3843064310000015,2.947922707,1.037618041,0.986888945,6.961899281,13.34317112,0.526488423,1.362609506,4.693966866,1.23386693,0.779844463,10.36932659,10.73901176,10.77380562,0.623585701,12.26394272,9.088902473,0.0,1.157282591,4.103634357,7.283832072999999,10.72822571,1.210500956,1.147664785,6.640453815,1.028594613,6.152696132999999,1.268009663,6.755393027999999
0.8567300440000001,3.172602177,1.015074253,4.841933727,1.264629126,1.215972424,1.126631737,7.306995869,13.78613186,1.089123487,1.247507811,5.122601032,1.51657033,0.841088235,9.234606742999999,10.40218353,10.62498093,0.880004287,11.81177235,9.121896743999999,0.0,1.715640068,2.0820066930000003,7.329054356,10.40774632,2.186368227,0.946839809,6.289595604,1.7866709230000002,6.351172924,1.1891801359999998,5.173905849
1.013832808,4.526269436000001,0.946042538,4.18504715,1.617401719,1.3684659,1.759544015,6.395794867999999,12.72663498,0.7364554409999999,1.255728006,1.318988085,0.8600196240000001,0.939352512,9.775365829,9.797102928,10.79656887,0.6862410309999999,13.43744755,12.98367119,0.0,2.067442656,1.404883862,6.255997657999999,9.576920508999999,4.874498367,1.216475487,6.609452724,1.255728006,6.161245823,0.91900897,2.477813721
1.017011642,1.931939125,1.072994471,5.697455883,2.37055397,0.8696269990000001,1.287289858,4.370603085,12.67406178,1.076031685,1.178080082,2.919873238,0.941435814,0.648683786,9.912473679,10.74574852,10.64429092,0.806380212,12.68205452,10.44919777,0.0,0.933453321,0.905603528,8.148590087999999,10.41493034,4.369027138,1.34539938,6.383728504,0.808234692,5.691763401,7.4598279,5.780557156
0.872832775,2.077458382,2.7871284480000003,2.396208763,2.151833296,0.979439914,1.526932001,6.044754505,13.04877949,0.665916681,1.305958867,5.288834572,0.863142252,0.754499853,10.37819958,9.92251873,10.80461311,1.083690047,11.93517876,8.53203392,0.0,1.488479853,3.789195538,7.459027767,11.3080225,1.049488187,0.920102835,6.00287056,1.488479853,7.269127369,1.266716242,9.37685585
1.391195536,2.125538349,1.05380547,3.713172913,1.1868387459999998,1.224449635,1.345336914,6.681751727999999,12.66361141,0.790800869,1.39447546,1.151786566,0.7713392379999999,0.790800869,9.279391289,11.80260658,10.72116947,1.031782866,12.6342907,10.69287491,0.0,1.844265223,1.983965158,5.848248482000001,10.22744083,1.185440183,1.196160555,6.952566147000001,1.113841176,6.938080788,1.833663702,3.786465406
0.8385093809999999,2.680115461,2.01383543,3.756186962,2.510119677,0.960554719,1.491491556,7.109757423,12.87561512,0.790800869,1.268577099,1.983530879,0.869851232,0.800056219,9.947325706,10.19491291,10.63359261,0.949087083,12.33911228,8.199179649,0.0,3.136611223,2.992587805,6.0779047010000005,10.56639385,0.609946966,1.013121247,6.910614014,0.869851232,6.330758095,1.182908297,7.649134159
1.972189665,3.873733521,2.076768637,4.575359344,1.584129333,1.475747347,3.50951004,7.844086647,12.39116764,0.530087709,1.321051955,1.092680097,1.34700489,0.637781501,9.4382267,9.431667328,10.46266842,1.107889414,13.49689388,10.47708511,0.0,1.107889414,1.226557016,6.375976562999999,11.33075905,0.8867980240000001,1.796001434,6.8102927210000015,0.879249692,5.625987052999999,1.37195158,7.590940475
7.076604842999999,1.808247328,1.78968215,5.787658215,1.2135005,1.009767175,2.238151073,9.220030785,12.95282555,0.725960851,1.354474187,1.022372484,1.5468251709999998,0.830829203,10.02734852,10.17146587,10.47223473,0.755089462,12.04587555,9.251790047,0.0,2.643359184,2.14370203,6.834465504,11.09330654,2.143790722,2.221628666,6.758742809,0.962341428,6.496980667000001,1.585429549,6.52133131
1.136008263,3.52140975,0.829856038,5.739387989,1.012817383,1.507442355,1.551153183,9.340543747,11.93637848,0.941196918,1.03155899,0.941196918,1.107889414,0.738618016,8.990728378,10.75195217,10.92423153,0.941444933,13.33025551,11.90368748,0.0,1.663644195,3.291531324,7.018090247999999,10.60599518,0.623396635,2.525931358,6.411213397999999,0.849639535,5.441117287000001,2.318926811,3.734499216
1.450595856,3.690234661,2.590909004,5.841541767000001,1.1457057,1.446711779,4.878237724,7.935556412,12.62811852,1.027189016,1.409557462,2.393589973,0.878108859,0.911711872,10.36032486,11.95195103,11.16610718,0.807417631,12.62206268,12.68778801,0.0,1.611297011,3.154094219,6.132607937,10.23696423,1.622605324,1.597694278,6.300421237999999,0.895470619,4.603952885,1.298689604,5.888465405
1.958225489,4.261946678,1.212377906,5.983794689,3.159833431,1.123596907,1.5228054519999998,7.322937965,12.59158325,1.272413611,1.211413383,1.123596907,0.842142582,0.823960543,9.387481689,11.14046192,11.17373562,0.670465231,13.4086628,8.712697983,0.0,1.56759882,1.990225911,6.918446541000002,10.66536236,1.863896132,1.6296813490000002,7.167337418,1.033986807,6.916551113,1.232208967,6.290483475
0.806548059,4.346405029,2.090126276,4.621544838,1.116966248,1.50534606,1.956751347,7.127811909,11.96277046,0.632118344,1.345817566,1.43475771,1.134674191,1.064422369,10.40022945,10.70415878,11.06301498,0.893613815,12.38971424,10.60162926,0.0,2.067442656,2.200872421,5.966520786,10.74459839,1.314442873,2.279695511,6.758742809,1.094825745,5.829189301,0.723251402,7.004236698
5.6100564,1.893662453,1.002310157,6.122672558,6.909031868,1.288826704,1.41139698,9.099232674,10.77148056,0.568399668,0.8816270829999999,2.291346788,0.98509872,0.583952427,8.788402557000001,10.92873287,11.11462402,1.028594613,11.61164856,10.71952438,0.0,1.525547028,1.431185484,8.218319893,9.711004257,1.309486032,1.4981355669999998,6.090681076,0.728774905,5.367532253,1.120608449,2.594829082
2.913168907,5.868091582999999,2.77482295,7.749126434,5.62690258,1.809351325,1.719381094,8.505698204,13.40429783,0.8740503190000001,1.436961889,3.104249954,1.198554754,1.088608027,10.37127399,10.27098465,8.724686623,1.0910398959999998,11.62576771,7.997808456,0.0,1.877862692,3.802344799,5.623203754,11.46839237,1.280126572,1.267567635,6.200900077999999,1.146865606,5.722387314,1.831933141,7.250920296
8.964568137999999,4.932684898,1.333849788,8.757476807,3.547459841,1.267775297,4.45149374,12.18740463,10.30447006,0.966238379,1.354474187,1.620468736,2.537535191,0.636356235,8.036665916,10.42121124,7.957059383,0.880004287,10.9551878,5.575486183,0.0,1.155037403,3.1973438260000004,7.1855154039999976,9.709234237999999,1.95868957,1.792415977,6.7708992960000005,1.105425119,5.376398563,1.404836178,2.194342852
5.006558418,4.763557434,1.437956095,7.205031395,5.646834373,1.166817665,2.646188259,9.592220306,9.651091576,1.16082406,1.939123631,2.070123672,1.509537935,0.8608736990000001,8.760826111,7.896981239,8.017979622,0.949087083,10.39212894,7.887465954,0.0,2.616038799,2.5160241130000003,6.45367384,11.28560162,0.998867929,1.4342567919999998,5.80985117,0.8405351640000001,4.330094337,1.97723496,2.134020805
3.384502649,5.88719368,1.083114028,6.94312048,5.771641254,1.191670299,3.495137215,8.765289307,9.904288292,0.956447482,1.873553991,1.789019704,1.854216933,0.817634106,8.820379257,8.30215168,8.604877472,1.257569075,10.87069607,7.725203513999999,0.0,0.970463932,2.530020952,5.8288235660000005,11.96106434,1.082466483,1.6317433119999998,6.025593757999999,0.944838285,5.575875282,1.245210171,3.546010494
3.328283787,4.818907738,2.055432796,5.881450176,2.361946583,1.310230017,3.908236742,7.521446227999999,12.97638035,0.90746063,0.990852773,4.05401516,1.2284100059999998,0.674105823,10.04690933,8.675611496,8.500679016,1.00075829,12.00572968,12.27803802,0.0,3.512157679,3.841591835,5.978589058,10.44631672,2.04982996,1.40426898,6.979495525,0.810206413,3.817851067,4.742810726,6.771107674
3.923064232,4.421417236,1.118804216,7.968859673,4.972604752,1.190858722,1.7916142940000002,8.258485794,12.99587917,0.79204613,1.940201521,1.4718525409999998,1.290812969,0.780436873,10.76801777,8.64085865,10.22791004,1.036643744,10.85639095,6.7131090160000015,0.0,2.267024994,2.5728182790000003,6.0276341439999985,9.911600112999999,0.97607547,1.350500464,7.816035271,1.6054916380000002,5.683404446,0.88826704,4.756332397
5.777828217000001,6.057355881,2.365327358,5.861731529,2.138753176,1.317358017,2.238151073,7.96545887,12.29078007,1.053406358,1.170544386,1.218012452,1.099654675,0.787911713,9.918738365,9.322360992,10.50066185,1.352339745,12.09167004,3.37316227,0.0,1.676654577,4.186980247,7.655064106,11.25339508,1.257792234,1.41139698,6.78173399,0.95767808,6.270582199,1.045614958,6.701553822
3.494976997,4.612929343999999,1.047288537,5.287230492,5.978447914,1.178374529,2.4577913280000003,8.493860245,10.7054615,0.7364554409999999,1.42454505,1.358974457,1.004337311,0.86214298,9.12055397,8.57094574,10.31938171,0.7091968059999999,12.60377312,4.911243916,0.0,2.6919033530000003,6.809430122,6.81289053,12.3699894,1.647830367,1.325814366,6.333438873,1.028594613,5.658659458,1.805289507,5.893660545
2.045243979,2.658087015,0.941196918,5.59676075,1.43979454,1.141332626,2.491771698,7.686414719,11.35891628,0.941196918,2.040997982,1.7438205480000002,1.107889414,0.889502585,10.50377655,9.119070053,10.89141178,0.990872443,13.01463604,10.9058857,0.0,2.000314236,1.831212878,5.642818451,12.77365875,3.825676203,1.572918653,6.109719752999999,1.451290846,6.115633965,9.157012939,4.238897324
1.875258923,3.59479475,4.028364182,6.560182095,3.482685566,1.2229774,2.56894803,8.811902046,12.70332336,0.830829203,0.974470019,1.795386434,0.9401685,1.131656885,10.87195969,10.87352943,9.763425827,0.956445098,11.81021881,7.869324683999999,0.0,2.6639580730000003,0.994186997,5.431314945,11.21261978,1.06586194,1.349941254,7.446900845,1.368045688,5.0142016410000005,0.931325436,7.889548302000001
4.991068363,5.666763306,1.5821506980000002,8.391884804,3.045429468,1.41139698,2.860229492,9.194101333999999,13.07982826,1.284548044,1.680284858,2.295550585,1.812363029,0.784193516,10.93003464,10.18155956,6.997728348,0.958265245,10.71614647,5.677641392000001,0.0,2.40181303,2.804926157,7.353590487999999,11.28175068,0.951132059,1.459503174,6.1732087139999985,1.028594613,5.041930198999999,1.584867954,6.254261971
5.116009235,5.440977573,1.138950109,7.846564292999999,2.114542961,1.178779125,1.951909781,10.18411064,12.68215752,1.1118927,1.521311164,2.118422747,1.477711082,0.937041163,9.214448929,8.367023468,9.365384102,0.900740087,11.71203423,0.830266953,0.0,2.13034606,4.656049252,6.81242609,13.85120583,0.6918767090000001,1.137659788,6.932943344,1.178779125,5.107306957,3.973323107,5.739285946
1.054884672,6.576581955,0.999092221,5.739095688,1.218215942,1.6108279230000002,1.354634285,7.152991295,13.43160629,0.830829203,1.214161992,1.740650535,1.447562695,0.853235126,10.32249355,9.246666908,10.66364765,1.197370052,12.22651291,1.48946476,0.0,1.996344209,7.899687767,7.341429234,11.99673748,1.462818146,0.816374302,7.651657581,1.197370052,7.306385993999997,1.047246695,7.640649796
7.169271469,5.369361877,1.515496254,6.6213393210000016,3.835841417,1.257479429,5.586109161,10.19793415,12.32599258,0.959645271,1.362609506,1.028594613,0.949146032,0.6767133470000001,8.580137253,9.640481949,9.48819828,0.967038333,10.54017162,6.42378521,0.0,2.603082418,2.799911261,6.542277812999999,11.43557167,1.386322618,1.608435392,6.758742809,1.278138757,5.71879673,2.132158518,6.14837265
3.366900444,6.979526043,1.619751215,6.069206238,6.886171341,1.45868516,2.9509422780000003,7.951815605,13.433983800000002,0.937884629,0.777893782,1.3808560369999998,0.929697275,0.835409045,10.44224262,12.16679478,10.82684517,0.807341933,11.07958317,5.878200531,0.0,1.351582289,3.014083624,7.066078186,11.18165874,1.374818087,1.786518216,7.358050822999999,0.728774905,5.9442014689999985,1.835585952,6.778909206
7.410761356,5.192283154,1.739177346,7.24535799,5.8694562910000005,1.166144133,4.011374474,10.4965601,11.91356754,0.682083964,1.791432619,1.707209826,1.215972424,0.7087285520000001,9.706922531,7.456225395,9.4830513,0.993664861,10.54602432,7.150424004,0.0,3.1220190530000003,5.751022816,7.324943066,11.59103775,1.672920704,1.6216346030000002,6.027881145,0.917468071,5.8593349460000015,1.635944843,5.085494995
6.634054661,5.067834854,0.8096970920000001,7.280063629,1.262274265,1.215972424,1.6377745869999998,9.156272888,12.06380177,0.8101618890000001,1.587372541,1.6377745869999998,0.932661653,0.909458339,9.914139748,8.173293114,9.15900135,1.5039803980000002,11.10895824,3.373763561,0.0,2.35899663,2.135383606,6.56467104,11.01345158,1.612164259,1.744939804,5.7762217520000005,1.234799862,6.228301525,1.023767591,6.256271362000001
3.492421865,3.71179986,2.012934923,6.818920612,1.386418939,1.601952553,3.884422541,8.917272568,12.75031376,0.657665074,0.887552619,1.694451928,1.020294309,0.911396027,10.53543091,10.78317833,10.08451939,0.967038333,13.03784752,9.981820107,0.0,2.646198034,3.316922665,5.561266422,10.30700874,1.314442873,1.404588699,7.825404167,1.008052588,5.595499992000001,0.961465597,6.435852051
1.313503265,5.484716415,0.961461544,6.297342777000001,5.563854218,0.873740733,4.98110199,7.049539566,11.10739231,0.6439893839999999,0.879454792,0.95874238,1.274927855,0.5851507189999999,10.15746975,8.173433304,10.09329128,1.108793497,11.27270699,3.432485104,0.0,1.826613665,4.5810709,5.944468497999999,12.92835903,0.949779987,0.978388309,6.237790585,0.904144168,5.829189301,1.58851862,5.714502811
4.14546442,5.552871227000001,1.877243876,5.392792225,7.520584106,1.03699553,4.93189621,8.393286705,12.57074356,1.206786752,1.259855032,2.055803537,1.1358969209999998,0.667122126,10.62232018,9.210061073,10.12263966,0.956445098,11.33027554,5.289578438,0.0,2.9115993980000003,5.014683723,5.67764616,11.30822754,2.316987038,0.8709034920000001,7.2727546689999985,0.877933741,4.400011063,2.5395686630000003,6.092922211
3.527592421,5.7252736089999985,1.559919715,6.348313808,7.492254257000001,1.529499054,3.90118289,9.726070404,12.09505177,0.768394947,1.524240375,1.640620351,1.354340792,0.727074325,9.192764282,12.1267786,10.38572025,0.860200286,11.34216213,6.144237518,0.0,3.123978615,2.298573494,6.230510235,10.37761879,0.979603291,2.331007242,7.604174614,0.810468495,5.602305412000001,1.1805469990000002,5.655230045
5.017374516,1.602868557,0.8151973490000001,6.345062733,6.65433979,1.413597345,3.577991724,10.82983208,10.06599045,0.830829203,1.167475462,1.4819438459999998,0.907231927,1.034339428,9.404367447,10.15018463,9.13602066,1.122306585,11.19717216,10.10986423,0.0,1.031434774,3.1547935010000003,6.823605537000001,9.325501442,1.167989254,1.190809488,7.1734118460000005,1.245638609,5.643774033,1.198995352,3.99504137
2.187268496,5.210412502,1.3933357,6.196647167,2.435334682,1.958805561,2.28167057,7.676281452,12.2762804,0.808934748,1.647622347,2.491248131,1.27045536,0.731781602,9.516731262,10.43589211,10.24648571,1.134121656,12.93063259,9.17302227,0.0,3.5350234510000003,5.188516616999999,6.816509247000001,11.37546921,1.7879599330000002,1.62082231,6.181713104,1.028594613,5.920810699,5.619524002,6.3825855260000015
1.669832468,3.1557531360000004,1.24810648,5.352140903,6.460557937999999,1.1467038390000002,1.1467038390000002,8.975193977,2.191843987,1.009896398,1.527011395,1.996796489,0.928223789,1.046197414,10.20991135,9.478628159,9.686551094,0.985171139,8.326335907,0.980756283,0.0,1.815966606,1.039006233,8.194021225,14.31066895,1.34696722,1.189642429,7.5762119289999985,1.4090577359999998,8.058778763,1.495402813,1.057435036
3.055030107,5.217442513,0.989128113,7.870903492,1.128168583,0.989128113,6.441192627,7.182832717999999,1.117473602,0.881460428,1.149060726,0.869851232,0.949146032,0.989128113,10.11515331,10.39391422,7.252389908,1.674121618,9.747052193,8.845586777000001,0.0,3.23529911,1.551107049,7.952699661,12.63387394,1.3710050580000002,1.754671931,6.197827339,1.144244671,6.72388649,0.693636775,0.7234016059999999
0.8022520540000001,5.012041092,1.009130478,7.14902544,3.728745461,1.170544386,1.170544386,6.009147644,0.8989897370000001,1.043695569,2.094914198,1.800987959,0.7421134709999999,0.813003182,10.19345188,9.108609199999998,7.685175419,1.318708301,8.706535339,1.276627064,0.0,1.284694433,1.086675406,7.388092995,13.4847374,0.72293067,1.135671616,7.508191109,2.011522293,6.692693233,1.1480937,1.157601357
3.231580734,3.034684658,3.257267952,5.655455589,3.506880999,3.30962801,3.289741278,9.280950546,7.602590561,2.958254337,3.749595165,3.536450148,3.367133856,2.770102978,5.9123954770000005,5.073503971,8.346246719,2.718052864,6.107646465,3.859107494,0.0,3.282390594,3.832879782,8.819149971,8.535768509,3.248172045,4.3222522739999985,4.828146935,3.1092453,7.296926497999999,3.868589401,4.14966011
3.084441662,4.039515495,3.019615173,4.975976467,3.288943768,3.052021265,3.0250496860000005,7.671362877000001,9.267225266,3.018535137,3.543425322,3.455050707,3.15734458,3.139006138,6.566178322000001,6.122198582,9.133160591000001,3.478970051,8.400414467000001,4.794843197,0.0,3.991778612,3.284299135,8.075125694,9.023014069,3.156299591,3.865315199,4.500729084,2.926182508,8.326263427999999,3.885905743,3.727161646
4.608123779,3.969319105,3.124412298,6.331231117000001,3.968789577,3.623060703,3.299260855,8.55676651,9.756052017,2.669542074,3.810519218,4.095472336,3.8683393,2.783468962,6.64138031,6.022003651,7.362752437999999,3.315974236,9.015580177,4.123740196,0.0,4.223265171,5.022747993,7.980002402999999,10.41777611,3.134711504,3.677856922,5.132109642,3.440489769,5.506157397999999,3.640583038,4.193119049
2.944100142,3.249492168,2.950762987,7.155766964,3.034100056,4.069940567,3.104321003,9.412183762,3.342415333,2.91698122,3.68349123,3.730867863,3.61080122,3.05338192,4.66066885,3.789443254,10.36491966,2.867312193,3.70538187,3.785574198,0.0,3.249492168,4.195279121,10.94633007,3.575266838,2.75564003,4.286547184,9.324676514,3.705381393,10.50390053,2.998189211,3.411445141
3.664226294,2.961026669,3.206430912,8.605640411,3.578564882,3.354356289,2.7142272000000003,9.580599785,4.922681808,2.701390743,3.761385441,3.927024126,3.810245991,2.693894148,5.759944439,3.926969767,7.412344456,3.678349972,6.790649891,4.65191412,0.0,4.110370159,3.201222897,11.20199871,8.975402832,3.053104401,4.1439065930000005,5.213291645,3.688154221000001,4.838125229,4.4815979000000015,3.167971611
3.319251537,3.1312172410000003,3.354943752,4.666563034,3.963826656,3.693071842,3.019347668,4.003611565,3.498887539,2.740742207,3.503778219,3.140970945,2.812097788,2.7755713460000004,9.040689468,3.619962215,8.078046799,3.208429337,5.935454369,3.587948084,0.0,3.070424318,3.746570826,10.41292572,3.874676704,2.987460613,3.829694271,4.069783211,3.1153247360000003,4.680683613,4.666421413,2.9395403860000004
5.058153152,3.943419218,2.878053188,5.940009117000001,5.605214118999998,3.554910183,3.049889565,9.077732086000001,11.10796928,2.791041851,3.434403419,3.628792524,3.621917248,2.609656334,7.265080452,8.230137825,8.039235115,2.976082325,9.165533066,6.638206959,0.0,3.915728807,3.91614151,7.060128212,9.232313156,2.869141579,4.516704082,5.775122643,3.449039698,6.184507847000001,3.85628438,5.2719335560000005
3.557122707,3.172997236,3.125945807,5.18242836,3.4958410260000004,4.048734665,2.9729485510000004,7.56037569,9.623975754,2.631923199,3.955075264,3.416687489,3.5605359080000003,2.724081516,6.504554749,5.648445129,8.065526009,3.006937504,9.291921616,4.46182251,0.0,3.400386333,4.292520523,8.076396942,8.557458878,3.121579409,4.900849818999999,5.133111953999999,3.605496645,5.090843201,3.777391911,4.103237152
3.753274441,3.3725042339999995,3.380771637,4.577505588999999,3.552488565,3.318073273,2.824014187,7.920883656,10.3075161,2.956579208,3.629380226,3.513988733,3.346185446,2.694895029,7.434246063,5.748400687999999,8.017595291000001,3.044925451,8.820156097,2.783198833,0.0,3.245857716,3.605042934,7.220642567,8.84348774,2.924379587,3.6002221110000003,4.851861477,3.149229527,5.167499065,3.91876483,3.771903515
3.22939539,2.724772215,2.974259377,6.104743957999999,3.735062361,3.42367363,3.0198462010000005,7.965236187,9.161957741,2.714617014,3.880401373,3.362379551,3.1574370860000003,2.754267693,6.063052177,4.880820751,7.561812401,2.930499315,7.740929604,3.76324892,0.0,3.878628016,3.780972719,9.004977226,8.958768845,3.205955267,3.510697603,4.325952053,3.09445405,6.032812595,3.374009609,3.4545216560000003
3.632119894,3.633060217,2.926138401,5.480760097999999,3.0880615710000003,4.341881275,3.096310139,8.553255081,9.747824669,2.850136518,3.531799793,3.627402306,3.218780041,2.9748075010000004,5.32767868,7.018631458,7.8109169010000015,2.825383902,9.22892189,3.498829365,0.0,3.952759266,3.397506714,8.416173935,7.690066337999999,2.949965715,5.330074787,5.387183666,3.647388458,5.183745861,3.872802734,4.181919575
2.9531135560000004,3.177149057,3.394497395,5.591023445,3.974893093,3.360051155,3.253371239,6.279382706,9.205622672999999,2.785707474,3.924815178,3.4140510560000004,3.270671129,2.793025017,8.641173363,5.929645061,8.499778747999999,3.156898975,8.305514336,3.549711943,0.0,2.986249685,3.600175858,9.122412682,8.599002837999999,3.235613346,4.30235672,4.330200672,2.981012821,4.681507111,3.536225557,2.8016572
3.343960285,3.414651394,2.8735752110000004,6.00724268,3.725984573,3.734725475,2.954644918,8.544536591,10.27279568,2.785741091,3.696589947,3.627288818,3.467465639,2.6600654130000003,7.0008602139999985,4.142416954,7.744499207,2.951428175,8.148813248,4.063275814,0.0,3.1256608960000003,3.481867313,10.48021126,4.971227646,3.1896383760000004,4.041845798,4.4859752660000005,3.349027634,5.302691936,4.303596497,3.18965745
3.187071323,2.963408232,2.860772133,5.434352875,4.082297802,3.451515198,2.8136072160000003,5.54283762,8.405713081,2.7053203580000003,3.608939648,3.107848883,2.757190704,2.591781139,6.3577122689999985,3.926244736,8.674312592,2.776520967,8.563386917,3.14312458,0.0,3.156069279,3.2306895260000004,9.206562042,7.313632488,3.313309908,3.938685179,4.349577427,3.035820246,5.284813403999999,3.710562229,3.002536535
3.3150756360000004,3.086010695,3.170207977,5.503491402000001,4.602293015,3.402512074,3.0341949460000004,8.520356178,6.011320114,2.816721916,4.026619434,3.177574873,3.244480133,2.64547658,7.51557827,4.224808216,7.54137373,3.331915617,7.4360423089999985,3.5987148280000003,0.0,3.48822403,3.5771245960000004,9.31311512,9.06959343,2.90551281,3.705512047,4.705749989,3.113061905,4.255843163,4.431430817,3.114170074
3.74980402,3.016805649,3.281707048,6.128153324,5.875489235,3.301327705,3.325900555,7.864527702,8.793121337999999,3.2847166060000004,3.2338366510000003,3.114725113,3.105345964,2.970716476,6.335612297000001,6.094014167999999,8.226296425,2.886120796,9.403524399,3.868643761,0.0,3.826838493,4.158617973,6.784193993,8.913660049,2.7056508060000004,3.906980038,5.617221355,3.085517168,5.68012476,3.923206091,3.713368177
3.919487476,3.538158417,2.980235815,5.5838274960000005,4.2131090160000015,3.5335750580000003,3.069844723,8.636593819,9.303068161,2.8882186410000004,4.275782585,3.970766068,3.557959795,2.670221329,6.3088207239999985,4.841364861000001,7.770122051,2.99046874,9.931070327999999,3.654270887,0.0,3.557959795,3.659325361,7.57072401,9.215941428999999,3.034754753,3.493008137,4.294298172,2.845255852,5.862634182000001,4.022769928,3.464851856
4.195857048,3.764947891,3.232742786,4.787137985,3.6880126,3.49156189,2.769298315,7.843738556,10.09035873,2.851424932,3.40243578,3.733674765,2.852590799,2.877114058,7.109079361,7.009380341,8.15141201,3.021757603,8.57201767,3.324973822,0.0,3.207343102,3.361875534,7.419055939,9.983884811,3.23800683,3.121403694,3.730410576,3.101609707,5.031527519,3.863726377,4.135077953
4.0251455310000015,3.215960503,2.879032135,4.237480164,3.743136883,3.21285367,3.814748287,8.256587982000001,10.83588505,3.083847523,3.317957878,3.347854137,3.0541679860000004,2.975414753,7.282911301,5.3079962730000005,8.227773666000001,2.888531923,9.324478148999999,5.357790947,0.0,3.144347906,3.302150965,7.505212307000001,9.041239738,2.84336257,3.115646362,4.0257411,2.867171764,4.158390999,3.966696501,3.551472425
3.869757652,3.678111076,2.943026543,5.906260014,4.889699936,3.712777615,3.076470852,7.658931255,10.94990063,2.877206087,3.288537979,3.174087286,2.77794838,2.835847855,7.471024513,6.5604977610000015,7.952058315,2.851927757,8.946356773,5.598267077999999,0.0,3.436742783,3.584480762,6.7333369260000016,9.729336738999999,3.039174557,4.1184577939999985,4.913910866,2.7585282330000003,4.79878664,3.885746241,4.702363014
3.464691162,2.825383902,3.04169035,4.744255066,4.585376263000001,3.726700306,2.899807692,5.660619259,9.918341637000001,2.88679862,3.260881424,3.38081193,2.782613039,2.717192173,7.147197723,3.78472352,6.809883117999999,2.981947899,8.866113663,3.38408041,0.0,3.05822587,3.345761776,9.001992226,8.414632797000001,2.842051506,3.62950325,3.457610607,2.81305337,3.362574339,3.945635557,2.913525105
3.961390734,3.448735237,3.53765893,5.4081897739999985,3.27265048,3.361022472,3.5735778810000003,7.444470882,10.07475185,2.753638744,3.557183504,3.400930882,3.521988153,2.752521515,7.016810417,7.69185257,9.015403747999999,3.084252119,11.49087715,10.65968418,0.0,3.493876457,4.377422333,6.893344402,8.731811523,3.175051928,3.843695879,5.5215969089999986,3.066250324,5.042665005,2.9938747880000003,8.458936691
3.655064583,3.257293701,3.187080622,5.741172791,4.87697649,3.666605949,2.921181917,8.364267349,10.34698296,3.147243977,3.608618259,3.346717119,2.834029436,2.705192566,7.081855774,7.0612206460000015,7.963291168,2.76809597,9.833990097000001,3.724882603,0.0,3.478975296,3.495130301,8.114639282,8.872421265,2.833679199,3.543187618,4.302223206,3.033651114,4.270298958,3.996408463,3.48184824
4.491688251,3.541189671,3.015629768,5.446735859,3.797679901,3.956795931,3.671745777,7.826903343,11.0819149,3.06581831,3.597461462,3.946300507,3.146369219,3.087403297,7.192327499,6.411254883,8.176582336000001,2.958827496,9.74751091,7.477058887,0.0,3.772045374,4.227285385,7.0562262539999985,8.438562393,3.248203993,4.017776489,5.410268307000001,2.883705139,5.73973465,3.783875942,5.036498547
4.459713936,3.355767727,3.007775307,5.4468221660000005,3.779658079,3.4633736610000003,3.264582872,8.072788239,10.32958412,2.82312274,3.465985298,3.69814682,3.226068974,2.70063591,7.954356194,6.921532631,8.175746918,3.3458395,8.717002869,5.658041954,0.0,3.454279184,3.371793747,7.176408291,9.316135406,2.860918045,3.480809927,4.632110596,3.046633244,4.959882736,3.527525425,3.700463057
3.419592142,4.011527538,2.94492507,5.492773056,4.12655735,4.135584831,2.835460663,7.24992609,10.19323635,2.80519104,3.684857607,3.715947866,3.232742786,2.817140579,6.140757561,5.315192223,7.817261219,3.169814587,9.429965973,3.629610062,0.0,3.551211119,3.623684406,7.265376568,9.150291442999999,3.066807747,4.119223595,4.354010105,2.995325089,6.40959549,3.70608449,3.51407814
4.042927742,3.055014849,3.034629822,3.926109076,4.183601379,3.4488153460000004,3.086419106,5.530095577000001,10.3016777,2.8451240060000003,3.484062433,3.545942307,2.8262584210000004,2.720118999,6.880992413,3.849215508,7.929905415,3.21561265,8.373966217000001,3.921345234,0.0,3.04851675,3.458096504,7.398110867000001,8.236085892,3.188563824,3.031291962,3.596389294,2.729156971,3.813528776,4.149599552,3.003513098
3.327679634,3.245315552,3.505185127,4.447745323,3.270115614,3.628557682,3.0586349960000003,7.84569931,8.669466019,2.9799797530000003,3.196102381,3.670675516,3.121718645,3.240616798,5.427854537999999,6.875567436,8.559877396000001,3.071154356,7.240696907,3.60485363,0.0,3.252073288,4.09578228,8.011184692,8.974458693999999,3.283549547,4.510581493,4.8906698230000005,3.069693565,8.006595612,3.698862553,3.50428009
3.190876722,3.388775587,3.198604584,5.562260628,3.876656771,3.731469393,2.9833014010000003,5.647233009,8.082015038,2.889125109,3.726252556,3.704211473,3.075846434,2.628540516,6.580955029,4.049304008,9.287305832000001,3.259082556,8.780288696,3.862565994,0.0,3.698444605,2.966395378,8.786838531,7.564034939,3.002506018,4.786507607,4.662660599,3.215374947,4.804673195,3.502623558,3.173238754
3.98563242,3.1806616780000003,2.814293146,5.850141047999999,4.208425522,3.807468414,3.078833103,7.179493427000001,10.14931107,2.76074028,3.709262848,2.997737169,3.065300226,2.965496302,7.573395729,5.448280811,8.059067726,3.060739279,8.902143478,3.270324707,0.0,2.966467619,3.515249491,7.484428883,9.510972977,3.07089448,3.736456871,3.737592936,2.715267658,3.97957921,4.0120344160000005,3.3613128660000005
4.12438345,3.256661415,3.210123777,6.934631348,3.905947924,3.576496601,2.788273335,8.507615089,11.49324608,2.772120953,3.735103369,3.746318102,3.465443134,2.810832024,6.556219101,5.457450867,7.701882839,3.177868843,9.204421043,4.934581757,0.0,4.076864719,3.554706812,8.604793549,8.444532394,3.389036417,4.354259014,4.750165939,3.372813702,5.025400162,4.148396492,5.340803623
4.5658268930000006,4.279429436,3.037598848,6.25818491,3.786903858,3.509925604,3.105308533,8.064059258,10.45244312,2.800575972,3.418439865,3.837274313,3.685446978,2.7342906000000005,7.717680931,7.600435257000001,9.27665329,3.036322117,9.261585236,6.830482483,0.0,3.605602741,4.106820107,6.816979408,9.412401199,3.417214632,3.691384315,5.5233883860000015,3.086491108,5.518148422,4.343400478,4.925807476
4.602125645,3.377001762,3.125723839,6.510937214,3.748788118,3.423917294,3.027733088,9.061218262,10.21869183,2.817198515,3.829404831,3.115190983,3.146444559,2.893673182,7.6592416760000015,7.401634692999999,9.471625328,3.160808563,9.038097382,3.09146595,0.0,3.617931366,3.448580742,8.198055267,8.513898849,3.0541317460000004,3.538517952,5.238081932,3.363511801,5.78913784,3.282905102,3.052582026
3.272994041,3.341209173,2.924304008,7.3300290110000015,4.183334351,3.866284609,3.036093473,4.354522228,10.3062706,3.069509983,4.482079506,3.953683376,2.868219852,2.859016418,8.453988075,4.155647278,8.820677757,2.874465942,8.517774582000001,3.099788666,0.0,3.678484917,3.332182884,9.629663467,4.090053082,2.926971197,3.826839924,4.043732643,2.912991762,3.727104425,3.732880116,2.988716602
3.129783154,3.276915073,3.016663074,9.158053398,3.236926556,3.671437025,3.176389217,5.628552914,8.404828072,2.789699316,3.938537598,3.826957941,3.789667606,2.712783098,7.924313067999999,4.721518517,8.53127861,3.461116076,4.373431206,3.274245024,0.0,3.49918294,3.695991755,11.773983,3.063715935,3.5823326110000004,4.504279137,6.385485649,3.852093935,5.128147602,5.458621025,3.174445152
3.480742455,3.630164385,3.065151691,6.426646233,3.127078533,2.885494947,2.851340532,7.030017376,8.522087097,2.734690428,3.657369375,3.71731925,3.597252607,2.876759052,7.081944466,5.542583466,8.745744705,3.022510767,8.085166931,2.771540165,0.0,3.696590662,3.512853384,7.66186142,7.949806213,3.284255505,3.715409756,4.734797001,3.220233917,5.612196922000001,3.5393178460000003,3.322238922
3.412431717,3.507526398,3.037482023,7.366192341,3.655504704,3.675902843,2.845656633,8.033923149,10.0917511,2.968343735,3.712321043,4.10208416,3.57293582,2.547715187,7.162281036,5.222503662,9.05466938,3.17509675,8.465093612999999,3.196492672,0.0,3.507526398,3.502318382,9.221084595,8.575112342999999,3.446238518,3.667595387,5.715669155,3.60558033,5.05216217,4.352175713,3.33602047
3.939380884,4.076442242,2.960281372,6.27790451,3.1869578360000004,3.772340775,3.092157364,7.695662975,11.45936203,2.79232645,3.595196247,3.631780863,3.138292551,2.789636135,7.2370224,7.338610649,9.554870605,2.7996907230000003,8.875091552999999,5.647564411,0.0,3.550537109,3.379869461,8.57774353,8.333248138,2.929094315,3.819088936,5.166312218,3.282649279,6.44312191,2.849525213,4.439348221
3.878348589,3.66099596,2.963630438,6.286592007,3.890407801,3.551908493,3.219555855,8.91348362,9.820464134,2.808799267,3.377653122,3.505649567,3.863836527,3.16985178,7.0620384220000005,7.322972298,9.408670425,3.010854959,9.495215416,3.395859718,0.0,3.740431309,4.14684391,8.298114777,9.047480582999999,3.131753445,3.774727345,5.521976471,3.408764839,7.63342905,3.801538229,4.272339344
3.73744154,3.051458597,2.927968502,4.214653969,3.80394578,3.483333349,3.045354128,5.299581528,10.98234177,2.741770029,3.476870775,3.321080208,2.885014057,2.8576648239999995,7.194551467999999,5.084101677,7.066618919,2.98870182,10.06259918,8.732837677000001,0.0,3.052816629,3.59457922,7.769337177000001,8.554027557000001,3.007128,3.561125994,3.606990576,2.926461458,4.445258617,3.994829893,3.607134342
3.516285419,3.1349053380000003,3.243036509,4.25086689,4.357847214,3.514814377,2.838470459,3.869412184,12.1757431,2.755905867,3.970026493,3.091761589,2.767091036,2.734033108,8.428247452,5.264810562,8.434043884,3.132373095,9.369782447999999,3.998459816,0.0,3.142077923,3.98323679,6.979413032999999,9.695530891,2.837815285,3.715418816,3.700191259,2.832263708,3.523100615,4.016303062,3.4665532110000004
3.440128565,3.492072105,2.988971233,4.187725067,3.282630444,3.196558475,2.888448954,7.163342476,9.327996254,2.827153683,3.886713982,3.268804312,3.162233829,2.895947456,6.135854721,4.78839922,8.221075058,3.589273453,9.095441818,3.691830158,0.0,3.295018673,3.412051678,7.659235477,9.019463539,3.053153753,3.669660568,3.712309599,2.968470335,3.826588631,5.376245499,3.449106216
5.088511467,3.694531202,3.214020014,4.75915432,3.620671988,3.035962343,3.332107544,7.845513344,10.84637547,2.782697439,3.443570137,3.689184666,3.247428894,3.076666355,6.296631336,6.210065842000001,8.474616051,2.811324358,9.380223274,4.127878666,0.0,3.839011192,4.493346214,6.728447914,9.622365952000001,3.116388083,3.42305994,5.735453129,3.11020875,5.598705769,3.359678984,5.510534286
3.933335781,2.983723164,3.020824671,4.894383907,4.460876465,3.1008012289999995,2.856185436,5.569947243,12.50519657,2.8221457,3.3513867860000004,3.620109558,2.865639925,2.589792728,7.5844979289999985,7.99122858,8.33614254,3.034451962,8.862647057,5.881891251,0.0,2.976061821,4.11440897,7.966276168999999,8.93019104,2.719075203,3.487458944,3.832114458,3.060144663,3.831940174,3.748417616,3.392079115
4.678294182,3.599845886,3.128831387,4.700917243999999,4.5349779130000005,3.469697952,3.257612467,7.779662132,10.70345116,3.013996363,3.3633456230000003,3.1714262960000004,3.082240343,3.053315163,7.106745243,7.060923576,8.645946503,2.901421309,8.407923698,3.986187935,0.0,3.342324972,3.5292544360000004,6.515425205,9.458715439,2.900497437,3.274419308,4.572360038999999,2.837176323,4.945186615,3.698321104,6.358923435
3.83677268,3.628823519,2.800256252,4.563158989,3.587912798,3.255863667,2.88243103,6.9936904910000015,10.49169731,3.046563387,2.982666731,3.200795174,3.017184734,2.946083784,6.390387535,5.618773937,8.833377837999999,2.999624491,9.604333878,7.411449432,0.0,3.339185238,3.793209314,7.1114816670000005,8.840250015,2.9396460060000003,3.644965172,4.800242424,3.478069305,4.938932896,3.826956987,3.3788771630000003
3.861793995,3.618364334,2.831384182,4.817160606,3.586097002,3.343188524,3.1360967160000004,8.215574265,10.09024715,2.77499342,3.209357023,3.531944513,2.919228792,2.773164272,5.7722435,5.393647671,7.832252502,3.165673018,8.228879929,3.230865955,0.0,3.2348454,3.727956057,7.064621449,8.690731049,3.054617405,3.436953068,4.259165287,2.771406889,5.2950387,3.879655123,4.083594799
4.518349648,4.431769848,2.920434475,5.510156631,3.97329545,3.546202898,3.126938105,6.886965275,10.94103718,3.11133337,3.307126999,3.45360446,3.476731777,2.88724184,7.104105473,6.528633117999999,8.10830307,3.043334246,8.684362411,6.060134411,0.0,3.876039743,4.335683823,6.411486149,9.84147644,3.003738165,3.8445611,4.3244524,2.876567364,5.408426285,3.689077139,5.079015255
3.520026445,2.921741247,3.023668051,4.606123923999999,4.087613106,3.560359478,3.106360435,7.344569683,11.70218658,3.025930405,3.180102348,3.64119029,2.704185486,2.696429014,7.313334942000001,8.644083977000001,8.427751541000001,2.881438971,9.280841827,6.578307152000001,0.0,3.155666828,3.469521999,8.200201035,8.64576149,3.024524212,3.714296818,3.991636276,2.9678151610000003,3.984054804,4.60313797,3.1980042460000004
3.647667408,3.581875801,2.820987225,3.515832424,3.954846144,3.276805878,3.166201591,7.0090899470000005,11.16211605,2.780373335,3.1462185380000003,3.1681175230000003,2.730609894,3.0220971110000003,7.658420563,6.628446102000001,8.416723251,2.926585674,9.011996268999999,5.814861297999999,0.0,3.010608673,3.0629835130000003,6.176915646,9.705471038999999,3.204357624,4.007227898,3.54842186,2.768136978,3.806441784,3.669764757,5.509023666
